,0,1,2,3,4,5,6,7,8,9,10,11,12,13,14,15,16,17,18,19,20,21,22,23,24,25,26,27,28,29,30,31,32,33,34,35,36,37,38,39,40,41,42,43,44,45,46,47,48,49,50,51,52,53,54,55,56,57,58,59,60,61,62,63,64,65,66,67,68,69,70,71,72,73,74,75,76,77,78,79,80,81,82,83,84,85,86,87,88,89,90,91,92,93,94,95,96,97,98,99,100,101,102,103,104,105,106,107,108,109,110,111,112,113,114,115,116,117,118,119,120,121,122,123,124,125,126,127,128,129,130,131,132,133,134,135,136,137,138,139,140,141,142,143,144,145,146,147,148,149,150,151,152,153,154,155,156,157,158,159,160,161,162,163,164,165,166,167,168,169,170,171,172,173,174,175,176,177,178,179,180,181,182,183,184,185,186,187
eğitim düzeyi,Okuma Yazma Bilen Fakat Bir Okul Bitirmeyen,Okuma Yazma Bilen Fakat Bir Okul Bitirmeyen,Okuma Yazma Bilen Fakat Bir Okul Bitirmeyen,Okuma Yazma Bilen Fakat Bir Okul Bitirmeyen,Okuma Yazma Bilen Fakat Bir Okul Bitirmeyen,Okuma Yazma Bilen Fakat Bir Okul Bitirmeyen,Okuma Yazma Bilen Fakat Bir Okul Bitirmeyen,Okuma Yazma Bilen Fakat Bir Okul Bitirmeyen,Okuma Yazma Bilen Fakat Bir Okul Bitirmeyen,Okuma Yazma Bilen Fakat Bir Okul Bitirmeyen,Okuma Yazma Bilen Fakat Bir Okul Bitirmeyen,Okuma Yazma Bilen Fakat Bir Okul Bitirmeyen,Okuma Yazma Bilen Fakat Bir Okul Bitirmeyen,Okuma Yazma Bilen Fakat Bir Okul Bitirmeyen,Okuma Yazma Bilen Fakat Bir Okul Bitirmeyen,Okuma Yazma Bilen Fakat Bir Okul Bitirmeyen,Okuma Yazma Bilen Fakat Bir Okul Bitirmeyen,Okuma Yazma Bilen Fakat Bir Okul Bitirmeyen,Okuma Yazma Bilen Fakat Bir Okul Bitirmeyen,Okuma Yazma Bilen Fakat Bir Okul Bitirmeyen,Okuma Yazma Bilen Fakat Bir Okul Bitirmeyen,Okuma Yazma Bilen Fakat Bir Okul Bitirmeyen,Okuma Yazma Bilen Fakat Bir Okul Bitirmeyen,Okuma Yazma Bilen Fakat Bir Okul Bitirmeyen,Okuma Yazma Bilen Fakat Bir Okul Bitirmeyen,Okuma Yazma Bilen Fakat Bir Okul Bitirmeyen,ilkokul,ilkokul,ilkokul,ilkokul,ilkokul,ilkokul,ilkokul,ilkokul,ilkokul,ilkokul,ilkokul,ilkokul,ilkokul,ilkokul,ilkokul,ilkokul,ilkokul,ilkokul,ilkokul,ilkokul,ilkokul,ilkokul,ilkokul,ilkokul,ilkokul,ilkokul,Ortaokul,Ortaokul,Ortaokul,Ortaokul,Ortaokul,Ortaokul,Ortaokul,Ortaokul,Ortaokul,Ortaokul,Ortaokul,Ortaokul,Ortaokul,Ortaokul,Ortaokul,Ortaokul,Ortaokul,Ortaokul,Ortaokul,Ortaokul,Ortaokul,Ortaokul,Ortaokul,Ortaokul,Ortaokul,Ortaokul,Lise,Lise,Lise,Lise,Lise,Lise,Lise,Lise,Lise,Lise,Lise,Lise,Lise,Lise,Lise,Lise,Lise,Lise,Lise,Lise,Lise,Lise,Lise,Lise,Yüksekokul Veya Fakülte,Yüksekokul Veya Fakülte,Yüksekokul Veya Fakülte,Yüksekokul Veya Fakülte,Yüksekokul Veya Fakülte,Yüksekokul Veya Fakülte,Yüksekokul Veya Fakülte,Yüksekokul Veya Fakülte,Yüksekokul Veya Fakülte,Yüksekokul Veya Fakülte,Yüksekokul Veya Fakülte,Yüksekokul Veya Fakülte,Yüksekokul Veya Fakülte,Yüksekokul Veya Fakülte,Yüksekokul Veya Fakülte,Yüksekokul Veya Fakülte,Yüksekokul Veya Fakülte,Yüksekokul Veya Fakülte,Yüksekokul Veya Fakülte,Yüksekokul Veya Fakülte,Yüksekokul Veya Fakülte,Yüksekokul Veya Fakülte,Yüksek Lisans (5 Veya 6 Yıllık Fakülteler Dahil),Yüksek Lisans (5 Veya 6 Yıllık Fakülteler Dahil),Yüksek Lisans (5 Veya 6 Yıllık Fakülteler Dahil),Yüksek Lisans (5 Veya 6 Yıllık Fakülteler Dahil),Yüksek Lisans (5 Veya 6 Yıllık Fakülteler Dahil),Yüksek Lisans (5 Veya 6 Yıllık Fakülteler Dahil),Yüksek Lisans (5 Veya 6 Yıllık Fakülteler Dahil),Yüksek Lisans (5 Veya 6 Yıllık Fakülteler Dahil),Yüksek Lisans (5 Veya 6 Yıllık Fakülteler Dahil),Yüksek Lisans (5 Veya 6 Yıllık Fakülteler Dahil),Yüksek Lisans (5 Veya 6 Yıllık Fakülteler Dahil),Yüksek Lisans (5 Veya 6 Yıllık Fakülteler Dahil),Yüksek Lisans (5 Veya 6 Yıllık Fakülteler Dahil),Yüksek Lisans (5 Veya 6 Yıllık Fakülteler Dahil),Yüksek Lisans (5 Veya 6 Yıllık Fakülteler Dahil),Yüksek Lisans (5 Veya 6 Yıllık Fakülteler Dahil),Yüksek Lisans (5 Veya 6 Yıllık Fakülteler Dahil),Yüksek Lisans (5 Veya 6 Yıllık Fakülteler Dahil),Yüksek Lisans (5 Veya 6 Yıllık Fakülteler Dahil),Yüksek Lisans (5 Veya 6 Yıllık Fakülteler Dahil),Doktora,Doktora,Doktora,Doktora,Doktora,Doktora,Doktora,Doktora,Doktora,Doktora,Doktora,Doktora,Doktora,Doktora,Doktora,Doktora,Doktora,Doktora,Okuma Yazma Bilmeyen,Okuma Yazma Bilmeyen,Okuma Yazma Bilmeyen,Okuma Yazma Bilmeyen,Okuma Yazma Bilmeyen,Okuma Yazma Bilmeyen,Okuma Yazma Bilmeyen,Okuma Yazma Bilmeyen,Okuma Yazma Bilmeyen,Okuma Yazma Bilmeyen,Okuma Yazma Bilmeyen,Okuma Yazma Bilmeyen,Okuma Yazma Bilmeyen,Okuma Yazma Bilmeyen,Okuma Yazma Bilmeyen,Okuma Yazma Bilmeyen,Okuma Yazma Bilmeyen,Okuma Yazma Bilmeyen,Okuma Yazma Bilmeyen,Okuma Yazma Bilmeyen,Okuma Yazma Bilmeyen,Okuma Yazma Bilmeyen,Okuma Yazma Bilmeyen,Okuma Yazma Bilmeyen,Okuma Yazma Bilmeyen,Okuma Yazma Bilmeyen
Yıl,2016,2017,2016,2017,2016,2017,2016,2017,2016,2017,2016,2017,2016,2017,2016,2017,2016,2017,2016,2017,2016,2017,2016,2017,2016,2017,2016,2017,2016,2017,2016,2017,2016,2017,2016,2017,2016,2017,2016,2017,2016,2017,2016,2017,2016,2017,2016,2017,2016,2017,2016,2017,2016,2017,2016,2017,2016,2017,2016,2017,2016,2017,2016,2017,2016,2017,2016,2017,2016,2017,2016,2017,2016,2017,2016,2017,2016,2017,2016,2017,2016,2017,2016,2017,2016,2017,2016,2017,2016,2017,2016,2017,2016,2017,2016,2017,2016,2017,2016,2017,2016,2017,2016,2017,2016,2017,2016,2017,2016,2017,2016,2017,2016,2017,2016,2017,2016,2017,2016,2017,2016,2017,2016,2017,2016,2017,2016,2017,2016,2017,2016,2017,2016,2017,2016,2017,2016,2017,2016,2017,2016,2017,2016,2017,2016,2017,2016,2017,2016,2017,2016,2017,2016,2017,2016,2017,2016,2017,2016,2017,2016,2017,2016,2017,2016,2017,2016,2017,2016,2017,2016,2017,2016,2017,2016,2017,2016,2017,2016,2017,2016,2017,2016,2017,2016,2017,2016,2017
Adana-1,145259,143317,2851,2168,6982,5499,7834,6455,11891,10302,6118,6273,5452,5527,4669,4499,4507,4665,5962,5481,6219,6232,8305,7858,24121,24392,150571,150341,23716,52597,1604,2058,930,1225,4416,3379,31916,27172,41150,39287,40723,39884,38536,39592,46842,43908,43005,44226,43476,42938,62301,66752,162,1,115680,90837,9804,17284,166,246,381,201,15552,7595,20548,21870,20300,20425,18680,20025,16424,16961,10108,11081,7903,8288,8327,9221,9120,800,74131,74594,32856,33387,40927,38428,48461,47501,51541,51774,37783,41022,27914,29921,27147,26845,19006,21427,12007,12780,10306,11873,4836,5278,25309,24986,49236,50578,40321,40645,32429,32981,24433,25976,16066,17544,11804,12310,8173,8467,7340,7490,8877,9848,7,322,953,2630,2329,3861,3380,4476,2411,2836,1871,2139,1275,1478,629,737,408,440,436,483,29,35,240,276,534,601,657,788,640,738,556,629,293,344,192,222,257,293,574,157,52,10,495,327,1154,806,3035,2438,3084,2877,3008,2844,2912,2684,3180,3156,4778,4253,5846,5583,8809,8060,41268,40526
Adıyaman-2,45196,45084,786,574,1588,1275,1717,1397,2925,2518,1074,1095,1013,952,1224,1125,1587,1574,2057,1979,1929,2059,2474,2319,6767,7055,48575,48679,7674,17041,377,411,164,181,1217,592,10099,8567,13474,12957,12564,12518,10911,11538,11204,10861,8446,9064,7972,8022,10907,11848,113,3,37924,29698,3725,6289,24,70,105,41,4829,2324,6132,6536,5154,5264,4100,4555,3484,3653,1683,1995,1102,1175,977,1124,3111,491,24941,24259,9957,9994,10312,9666,10752,10961,9864,10177,6571,7257,4185,4721,3739,3851,2218,2591,1145,1286,971,1098,1637,1633,7732,7989,15102,15214,10038,10447,7465,7632,4056,4511,2372,2661,1571,1639,945,1005,785,841,444,530,2,67,192,654,545,930,683,962,329,446,191,250,106,129,48,52,25,30,16,17,12,8,81,119,126,213,124,161,84,114,66,79,24,29,10,14,9,16,112,38,15,2,51,42,116,89,354,287,438,421,579,513,742,677,1277,1112,2264,1987,3015,2805,4903,4383,22982,22872
Afyonkarahisar-3,40819,39813,802,727,1219,1064,1157,904,1322,1190,463,444,355,362,556,459,904,862,1595,1392,2166,2150,3522,3201,13653,13467,44596,44687,7339,15146,176,202,61,111,1094,315,12580,10494,15724,14814,16619,16135,18095,18128,22400,20677,21902,23362,21356,20716,39548,41185,39,1,33829,27568,1970,4343,16,33,101,14,5346,2644,6929,7547,6286,6404,6015,6380,5073,5258,3068,3498,2260,2350,2280,2512,3653,278,30422,29969,10736,10900,12328,11684,12459,12674,12753,12832,8168,9163,6388,6821,5728,5673,4027,4652,2586,2753,2071,2382,1727,1663,7997,7801,13763,13932,10383,10356,7738,7867,5113,5500,3924,4166,2885,2959,2203,2243,1971,2094,1518,1723,4,128,472,1000,976,1449,872,1178,514,622,346,379,172,210,106,109,81,83,58,68,20,25,111,167,246,314,208,255,238,266,109,143,36,55,29,35,30,34,146,42,15,8,36,28,124,79,282,226,319,294,306,300,257,247,391,363,740,628,1021,979,1900,1650,13611,13006
Ağrı-4,49797,48693,4197,2434,10450,8244,7672,7331,9944,9533,4769,4993,3707,3897,2876,2696,2070,2348,2756,2502,1940,2103,2166,2142,4015,4095,51834,50400,17487,25890,1760,2727,444,716,1995,1832,9937,8736,12151,12379,10325,9701,6150,7393,7692,6981,4501,5147,4325,4344,4652,4972,323,7,32231,23575,6363,9552,30,157,97,55,2068,1001,2925,3178,2538,2435,1463,1782,1521,1447,719,892,571,587,405,454,1172,549,13356,13748,6535,6702,6125,6272,4434,4424,4167,4289,2931,2994,1569,1813,1641,1524,904,1059,543,586,369,427,869,854,4911,4895,10408,10494,4736,4856,2539,2688,1251,1291,614,741,553,529,269,295,208,217,114,131,1,32,175,519,309,539,210,303,98,129,45,53,36,32,19,21,12,17,11,12,8,12,40,73,75,92,52,63,28,33,37,42,17,24,14,16,11,9,71,18,7,4,106,62,1237,654,3089,2624,2807,2532,2945,2825,2595,2282,2005,2215,3237,2764,2742,2888,4273,3941,11791,11689
Aksaray-68,26268.0,25887.0,797.0,738.0,964.0,853.0,673.0,621.0,623.0,565.0,256.0,264.0,237.0,216.0,315.0,278.0,436.0,443.0,894.0,801.0,1052.0,1032.0,1645.0,1521.0,5981.0,6034.0,26874.0,27267.0,5004.0,9414.0,98.0,114.0,49.0,71.0,676.0,119.0,7591.0,6244.0,9668.0,9157.0,9926.0,9707.0,9064.0,9540.0,11311.0,10651.0,9087.0,9630.0,8539.0,8594.0,13348.0,14165.0,20.0,,20114.0,16087.0,1097.0,2195.0,7.0,15.0,72.0,10.0,3177.0,1583.0,4307.0,4829.0,3768.0,3853.0,2793.0,3296.0,2605.0,2707.0,1397.0,1575.0,945.0,1016.0,833.0,949.0,1823.0,192.0,15538.0,16593.0,5659.0,5942.0,6508.0,6203.0,6502.0,6615.0,6360.0,6489.0,4269.0,4661.0,2673.0,3129.0,2213.0,2162.0,1367.0,1571.0,800.0,844.0,665.0,744.0,794.0,865.0,4226.0,4198.0,7271.0,7739.0,4968.0,5068.0,4172.0,4314.0,2897.0,3024.0,1781.0,1982.0,1158.0,1236.0,675.0,697.0,612.0,608.0,591.0,689.0,2.0,65.0,268.0,437.0,453.0,717.0,507.0,697.0,325.0,368.0,154.0,204.0,86.0,87.0,34.0,36.0,23.0,22.0,14.0,15.0,7.0,25.0,97.0,133.0,155.0,182.0,111.0,140.0,97.0,118.0,30.0,52.0,13.0,20.0,14.0,12.0,16.0,21.0,103.0,38.0,3.0,1.0,14.0,8.0,69.0,49.0,167.0,155.0,205.0,174.0,227.0,229.0,259.0,236.0,355.0,335.0,714.0,598.0,978.0,964.0,1590.0,1467.0,11328.0,10967.0
Amasya-5,15938.0,15966.0,76.0,66.0,174.0,203.0,199.0,170.0,300.0,281.0,133.0,157.0,112.0,111.0,134.0,107.0,198.0,177.0,497.0,429.0,812.0,751.0,1610.0,1417.0,9671.0,9524.0,17556.0,17348.0,1453.0,5401.0,56.0,70.0,22.0,37.0,184.0,102.0,3352.0,2674.0,4968.0,4681.0,5810.0,5414.0,6759.0,6831.0,10394.0,9463.0,10384.0,11079.0,11217.0,10725.0,22526.0,23506.0,12.0,,16214.0,13048.0,1018.0,1961.0,8.0,15.0,29.0,7.0,2319.0,1200.0,3389.0,3527.0,3198.0,3239.0,2889.0,3117.0,2813.0,2906.0,1656.0,1909.0,1399.0,1419.0,1513.0,1670.0,1638.0,105.0,14537.0,14713.0,5099.0,5416.0,6337.0,6025.0,6561.0,6766.0,6841.0,6926.0,4874.0,5306.0,3540.0,3816.0,3531.0,3428.0,2392.0,2844.0,1463.0,1522.0,1302.0,1489.0,850.0,901.0,4050.0,4240.0,7902.0,8039.0,5730.0,5921.0,4762.0,4853.0,3589.0,3681.0,2577.0,2804.0,1959.0,1982.0,1470.0,1488.0,1375.0,1456.0,1081.0,1253.0,1.0,64.0,206.0,384.0,391.0,593.0,421.0,557.0,264.0,322.0,194.0,224.0,118.0,123.0,57.0,65.0,37.0,37.0,27.0,37.0,6.0,33.0,54.0,103.0,86.0,121.0,59.0,77.0,52.0,73.0,43.0,61.0,16.0,24.0,14.0,19.0,16.0,20.0,131.0,35.0,,,2.0,5.0,45.0,22.0,92.0,85.0,125.0,113.0,150.0,155.0,129.0,121.0,142.0,137.0,312.0,284.0,458.0,422.0,898.0,781.0,8178.0,7767.0
Ankara-6,293199,289790,2337,2106,4464,3547,4715,3795,7676,6707,3079,3240,2454,2457,2362,2155,3188,3169,5881,5135,7715,7512,12107,11224,46461,46924,301844,305401,27101,91647,1096,1324,559,753,5292,3104,52383,42349,69838,65383,78903,76202,82648,83939,108812,101059,100398,104721,95132,94987,165755,174448,152,3,259874,205934,15891,28093,72,204,416,190,37503,18618,48952,52898,49844,49873,47168,50752,43557,44474,26502,29581,20158,20890,28657,30825,18297,1062,222007,233689,103388,107956,121390,115239,135465,133766,146414,146752,110062,118506,82019,89704,73381,72813,53574,59851,34593,37091,43018,47197,10218,11213,76584,79065,180854,182154,148440,147735,122857,123940,98762,102421,78223,83059,64528,66021,48370,50502,38837,41006,48804,53674,36,1331,12071,17544,22100,28592,22315,26553,15714,17858,12160,13585,8404,9256,4737,5301,3414,3654,5075,5641,630,428,3754,3999,5138,5803,4782,5639,4651,5020,4030,4418,2684,3073,1844,2066,3231,3533,1227,356,11,3,147,71,724,470,2053,1727,1961,1882,1979,1959,1872,1686,2524,2469,4768,4067,6497,6241,11687,10414,66959,65659
Antalya-7,133514.0,132469.0,1504.0,1319.0,2555.0,2190.0,2726.0,2206.0,4665.0,3895.0,2511.0,2418.0,2112.0,2146.0,2181.0,1954.0,2627.0,2650.0,4456.0,3882.0,5819.0,5711.0,8981.0,8369.0,38770.0,38563.0,135713.0,137249.0,17739.0,45297.0,568.0,672.0,388.0,491.0,2848.0,1511.0,32252.0,25914.0,46520.0,43293.0,51019.0,49162.0,49838.0,51430.0,59082.0,55549.0,51597.0,54505.0,47601.0,47794.0,78001.0,82968.0,87.0,,110942.0,84791.0,9082.0,14764.0,53.0,116.0,292.0,111.0,18819.0,9277.0,23741.0,25901.0,21991.0,22400.0,18638.0,20345.0,15542.0,16328.0,9278.0,10292.0,6835.0,7369.0,7861.0,8675.0,4812.0,570.0,73537.0,78922.0,33060.0,34757.0,47558.0,45703.0,55642.0,55658.0,59728.0,60444.0,45341.0,49548.0,34326.0,38077.0,29376.0,30058.0,19873.0,22815.0,12164.0,13335.0,12859.0,14586.0,4960.0,5249.0,26197.0,26417.0,55564.0,56365.0,49369.0,50114.0,43145.0,44515.0,33006.0,35531.0,23421.0,25862.0,17928.0,18754.0,12997.0,13796.0,11425.0,12190.0,12676.0,14322.0,4.0,343.0,1361.0,2984.0,2917.0,4474.0,3667.0,4959.0,2568.0,3142.0,2187.0,2483.0,1594.0,1803.0,896.0,1036.0,637.0,730.0,709.0,859.0,45.0,61.0,389.0,494.0,702.0,860.0,769.0,946.0,744.0,881.0,535.0,662.0,331.0,367.0,193.0,229.0,325.0,357.0,1414.0,475.0,12.0,7.0,56.0,42.0,297.0,198.0,949.0,751.0,864.0,827.0,845.0,872.0,756.0,738.0,805.0,841.0,1294.0,1118.0,1540.0,1576.0,2194.0,2078.0,15972.0,15475.0
Ardahan-75,5192.0,5099.0,39.0,30.0,153.0,116.0,215.0,155.0,379.0,265.0,206.0,239.0,111.0,112.0,112.0,98.0,113.0,126.0,225.0,186.0,248.0,262.0,474.0,431.0,1956.0,1925.0,6859.0,6532.0,600.0,1959.0,46.0,44.0,10.0,15.0,157.0,94.0,1445.0,1181.0,2222.0,2079.0,2396.0,2214.0,1819.0,2056.0,2626.0,2345.0,1978.0,2193.0,2279.0,2199.0,4790.0,4915.0,21.0,,5950.0,4375.0,523.0,913.0,1.0,8.0,12.0,3.0,576.0,329.0,971.0,962.0,967.0,971.0,797.0,913.0,810.0,811.0,430.0,496.0,321.0,349.0,356.0,385.0,310.0,119.0,3940.0,3905.0,1690.0,1776.0,1478.0,1526.0,1384.0,1368.0,1567.0,1550.0,1213.0,1260.0,837.0,945.0,864.0,844.0,559.0,666.0,382.0,397.0,315.0,336.0,268.0,285.0,1268.0,1265.0,2529.0,2336.0,1569.0,1498.0,863.0,868.0,532.0,546.0,269.0,331.0,195.0,202.0,107.0,113.0,131.0,127.0,147.0,152.0,,29.0,85.0,187.0,136.0,203.0,76.0,123.0,48.0,39.0,16.0,26.0,11.0,11.0,8.0,4.0,4.0,8.0,8.0,7.0,2.0,8.0,37.0,54.0,27.0,49.0,22.0,28.0,12.0,17.0,7.0,4.0,9.0,13.0,4.0,3.0,4.0,7.0,8.0,3.0,,,14.0,7.0,33.0,23.0,81.0,65.0,108.0,85.0,111.0,112.0,113.0,80.0,142.0,136.0,302.0,250.0,356.0,373.0,738.0,633.0,4075.0,3910.0
Artvin-8,6981.0,6830.0,32.0,28.0,111.0,80.0,50.0,55.0,97.0,92.0,47.0,47.0,74.0,67.0,69.0,64.0,111.0,111.0,270.0,218.0,422.0,389.0,812.0,741.0,4745.0,4553.0,8229.0,8043.0,528.0,2348.0,31.0,20.0,10.0,18.0,79.0,25.0,1017.0,780.0,1630.0,1431.0,2268.0,2033.0,2616.0,2648.0,4102.0,3606.0,4109.0,4138.0,5437.0,5233.0,13323.0,13307.0,6.0,,8093.0,6071.0,605.0,862.0,4.0,7.0,13.0,4.0,1071.0,490.0,1591.0,1685.0,1778.0,1701.0,2032.0,2101.0,1851.0,1919.0,1175.0,1311.0,806.0,885.0,879.0,918.0,365.0,53.0,7608.0,7668.0,3208.0,3138.0,3676.0,3537.0,3797.0,3729.0,4088.0,4010.0,3354.0,3561.0,2862.0,3063.0,3001.0,2912.0,2097.0,2421.0,1439.0,1546.0,1085.0,1232.0,484.0,463.0,2459.0,2408.0,5103.0,4944.0,3666.0,3622.0,2334.0,2375.0,1534.0,1564.0,1229.0,1298.0,903.0,911.0,634.0,654.0,656.0,677.0,790.0,808.0,,29.0,137.0,306.0,224.0,380.0,191.0,261.0,125.0,140.0,68.0,82.0,47.0,57.0,23.0,27.0,41.0,34.0,29.0,35.0,2.0,26.0,55.0,88.0,63.0,106.0,43.0,53.0,30.0,38.0,17.0,17.0,6.0,7.0,11.0,12.0,10.0,13.0,30.0,10.0,,,4.0,1.0,15.0,8.0,72.0,57.0,65.0,64.0,76.0,82.0,89.0,73.0,107.0,112.0,205.0,164.0,280.0,268.0,521.0,460.0,4463.0,4200.0
Aydın-9,52830.0,52293.0,641.0,496.0,1423.0,1175.0,1481.0,1232.0,2235.0,1952.0,1300.0,1309.0,1187.0,1163.0,1139.0,1080.0,1285.0,1255.0,2255.0,1999.0,2987.0,2847.0,4612.0,4286.0,27966.0,27258.0,56266.0,56855.0,8620.0,19293.0,207.0,320.0,121.0,199.0,1337.0,586.0,15489.0,12711.0,20697.0,19501.0,22874.0,21989.0,24968.0,24627.0,32621.0,30098.0,35565.0,35891.0,34347.0,34773.0,63180.0,66542.0,33.0,,47448.0,36905.0,3590.0,6061.0,14.0,36.0,128.0,34.0,7272.0,3593.0,9138.0,10220.0,8685.0,8867.0,8315.0,9023.0,7178.0,7574.0,4985.0,5570.0,3881.0,4187.0,4790.0,5335.0,2095.0,209.0,37622.0,37925.0,15450.0,16155.0,18202.0,17778.0,19646.0,19795.0,21267.0,21746.0,16176.0,17696.0,12918.0,14140.0,12094.0,12107.0,9938.0,11139.0,6478.0,7090.0,6619.0,7489.0,2311.0,2643.0,12371.0,12587.0,23421.0,23687.0,17932.0,18249.0,15184.0,15754.0,12160.0,12786.0,9705.0,10412.0,7856.0,8276.0,6702.0,6889.0,6231.0,6679.0,6754.0,7493.0,4.0,183.0,721.0,1437.0,1213.0,1858.0,1367.0,1873.0,969.0,1175.0,786.0,900.0,586.0,653.0,334.0,398.0,231.0,265.0,288.0,315.0,22.0,30.0,146.0,199.0,331.0,390.0,393.0,477.0,354.0,400.0,264.0,313.0,120.0,157.0,71.0,86.0,117.0,120.0,325.0,82.0,1.0,,17.0,14.0,160.0,98.0,492.0,398.0,466.0,474.0,456.0,443.0,446.0,417.0,514.0,511.0,824.0,726.0,1111.0,1086.0,1717.0,1568.0,15238.0,14549.0
Balıkesir-10,51674,51440,573,478,1254,1007,1111,985,1606,1426,881,900,807,746,870,837,1048,1012,1953,1692,2954,2794,5123,4512,30745,29957,58014,57729,5778,18020,276,343,98,193,1035,479,14336,11459,20795,19182,25782,24615,31001,30100,40074,37637,44093,44486,43793,42995,87764,91808,22,1,50873,40370,3350,6095,15,48,97,17,7589,3734,11051,11875,11088,11309,10660,11177,9027,9739,6344,6898,5109,5386,7424,8033,4490,217,42785,43961,17337,17863,21263,20444,22794,22894,25271,25490,19993,21388,16369,17568,15275,15343,12645,14082,8060,8710,10424,11230,2776,3156,14168,14268,28127,28582,20931,21826,17491,17995,14131,14989,11020,11753,9196,9568,7926,8154,6914,7424,8283,8804,3,202,658,1416,1274,1996,1550,2058,1041,1312,906,974,624,699,369,422,312,347,418,448,22,44,157,188,324,388,316,369,323,388,228,250,101,128,91,99,155,162,337,95,14,6,64,48,178,119,469,403,501,472,524,503,575,562,656,619,1010,910,1395,1344,2257,1948,18805,17791
Bartın-74,8526.0,8484.0,30.0,29.0,70.0,60.0,102.0,76.0,126.0,117.0,69.0,67.0,69.0,67.0,83.0,76.0,247.0,209.0,637.0,560.0,1271.0,1154.0,2227.0,2047.0,6803.0,6922.0,9604.0,9534.0,1016.0,2986.0,18.0,17.0,7.0,9.0,110.0,40.0,2076.0,1657.0,2800.0,2546.0,3326.0,3104.0,4377.0,4147.0,6185.0,5782.0,7027.0,7053.0,7163.0,7142.0,10557.0,11267.0,3.0,,8865.0,7111.0,422.0,807.0,2.0,4.0,20.0,7.0,1398.0,782.0,1877.0,2097.0,1591.0,1874.0,1432.0,1636.0,1062.0,1251.0,743.0,890.0,570.0,618.0,535.0,658.0,726.0,58.0,8777.0,8882.0,2980.0,3206.0,3183.0,3022.0,3293.0,3379.0,3656.0,3702.0,2549.0,2939.0,1484.0,1733.0,1359.0,1365.0,1065.0,1229.0,676.0,741.0,506.0,629.0,467.0,531.0,2144.0,2139.0,3684.0,3835.0,2824.0,2877.0,2343.0,2340.0,1776.0,1864.0,1305.0,1434.0,823.0,871.0,586.0,591.0,457.0,509.0,408.0,454.0,,33.0,163.0,237.0,241.0,346.0,231.0,281.0,153.0,178.0,122.0,136.0,54.0,64.0,26.0,24.0,15.0,24.0,18.0,22.0,8.0,16.0,58.0,98.0,69.0,93.0,40.0,57.0,35.0,40.0,23.0,34.0,12.0,12.0,6.0,7.0,8.0,9.0,47.0,18.0,,,4.0,1.0,21.0,9.0,95.0,78.0,129.0,129.0,144.0,148.0,155.0,137.0,167.0,173.0,297.0,258.0,510.0,509.0,961.0,851.0,6021.0,5737.0
Batman-72,51822.0,50897.0,2007.0,1460.0,3845.0,3053.0,3695.0,3111.0,5713.0,5308.0,3731.0,3891.0,4017.0,4274.0,3027.0,3073.0,2812.0,3040.0,2726.0,2796.0,1786.0,2001.0,1995.0,1981.0,3773.0,4063.0,56581.0,56755.0,13491.0,23622.0,888.0,1004.0,575.0,675.0,1698.0,1459.0,7606.0,6858.0,10146.0,10399.0,7676.0,7957.0,5634.0,6197.0,5588.0,5530.0,3557.0,3930.0,3337.0,3309.0,4205.0,4641.0,179.0,2.0,38879.0,29593.0,5086.0,8188.0,88.0,177.0,167.0,104.0,3236.0,1479.0,4418.0,4695.0,3475.0,3552.0,2442.0,2866.0,2049.0,2112.0,967.0,1130.0,765.0,799.0,564.0,652.0,2103.0,576.0,18669.0,19398.0,8121.0,8376.0,9184.0,9435.0,8395.0,8297.0,7756.0,8142.0,5141.0,5466.0,3328.0,3699.0,2883.0,2891.0,1432.0,1656.0,985.0,1027.0,747.0,863.0,1183.0,1292.0,6478.0,6764.0,13580.0,14547.0,8185.0,8769.0,5323.0,5514.0,2983.0,3152.0,1676.0,1887.0,1046.0,1145.0,532.0,614.0,419.0,420.0,196.0,253.0,,69.0,184.0,694.0,493.0,865.0,493.0,829.0,235.0,318.0,131.0,153.0,99.0,101.0,48.0,63.0,28.0,26.0,17.0,22.0,6.0,10.0,34.0,71.0,97.0,107.0,79.0,89.0,56.0,75.0,30.0,34.0,13.0,21.0,16.0,18.0,6.0,8.0,65.0,23.0,48.0,18.0,273.0,174.0,697.0,472.0,2093.0,1640.0,2266.0,1879.0,2539.0,2442.0,1852.0,1750.0,2051.0,1950.0,2361.0,2217.0,2140.0,2105.0,3153.0,2892.0,13375.0,13371.0
Bayburt-69,4742.0,4154.0,40.0,57.0,106.0,75.0,92.0,89.0,104.0,78.0,52.0,46.0,44.0,39.0,69.0,52.0,99.0,82.0,226.0,157.0,292.0,243.0,460.0,380.0,1820.0,1649.0,5296.0,4575.0,619.0,1356.0,29.0,34.0,10.0,13.0,116.0,33.0,1119.0,806.0,1479.0,1208.0,1830.0,1423.0,1696.0,1486.0,2243.0,1726.0,1923.0,1601.0,2214.0,1751.0,3693.0,3410.0,8.0,,4853.0,3221.0,321.0,458.0,2.0,8.0,8.0,1.0,529.0,214.0,757.0,673.0,813.0,685.0,744.0,671.0,704.0,590.0,441.0,420.0,307.0,254.0,219.0,222.0,298.0,106.0,7525.0,7520.0,2744.0,2757.0,1870.0,1645.0,1512.0,1393.0,1368.0,1220.0,926.0,877.0,675.0,633.0,709.0,557.0,383.0,386.0,278.0,242.0,196.0,204.0,223.0,273.0,1359.0,1307.0,2385.0,2197.0,1490.0,1379.0,879.0,867.0,565.0,556.0,384.0,354.0,306.0,265.0,156.0,144.0,125.0,113.0,120.0,104.0,1.0,19.0,87.0,164.0,147.0,222.0,93.0,112.0,36.0,38.0,27.0,28.0,18.0,13.0,8.0,8.0,4.0,4.0,8.0,8.0,5.0,18.0,34.0,74.0,32.0,53.0,26.0,24.0,6.0,11.0,7.0,9.0,7.0,6.0,1.0,4.0,9.0,6.0,9.0,3.0,,,7.0,4.0,12.0,7.0,57.0,35.0,44.0,47.0,54.0,43.0,65.0,60.0,63.0,58.0,165.0,116.0,261.0,209.0,494.0,413.0,2706.0,2493.0
Bilecik-11,9916.0,9946.0,61.0,45.0,335.0,214.0,220.0,199.0,293.0,281.0,125.0,124.0,99.0,106.0,84.0,69.0,98.0,113.0,164.0,140.0,187.0,189.0,307.0,276.0,2571.0,2466.0,11132.0,11031.0,909.0,3307.0,100.0,87.0,29.0,47.0,194.0,120.0,2177.0,1752.0,3093.0,2991.0,3519.0,3406.0,4406.0,4322.0,5962.0,5473.0,6936.0,7111.0,6956.0,6936.0,15242.0,15672.0,1.0,,9553.0,7580.0,695.0,1215.0,5.0,12.0,21.0,7.0,1467.0,723.0,2241.0,2502.0,2319.0,2299.0,2045.0,2273.0,1852.0,1950.0,1258.0,1428.0,848.0,922.0,828.0,901.0,781.0,46.0,11125.0,11782.0,4363.0,5052.0,5525.0,5349.0,5924.0,5973.0,5776.0,6033.0,4014.0,4382.0,2919.0,3272.0,2349.0,2443.0,1741.0,1995.0,774.0,886.0,733.0,826.0,619.0,849.0,3381.0,3647.0,6493.0,6707.0,4411.0,4616.0,2795.0,2968.0,2046.0,2125.0,1386.0,1498.0,902.0,974.0,582.0,633.0,555.0,577.0,498.0,574.0,,41.0,208.0,302.0,371.0,481.0,273.0,387.0,173.0,188.0,107.0,128.0,72.0,71.0,26.0,33.0,20.0,20.0,15.0,19.0,6.0,18.0,51.0,83.0,66.0,87.0,50.0,59.0,43.0,56.0,23.0,35.0,11.0,14.0,9.0,9.0,7.0,5.0,67.0,17.0,,,14.0,4.0,33.0,22.0,90.0,74.0,99.0,91.0,92.0,98.0,81.0,76.0,86.0,85.0,143.0,125.0,193.0,185.0,273.0,248.0,3081.0,2904.0
Bingöl-12,17960.0,18054.0,501.0,286.0,1507.0,1179.0,1354.0,1255.0,2302.0,1994.0,1553.0,1651.0,1512.0,1558.0,1371.0,1335.0,1256.0,1395.0,1747.0,1678.0,1237.0,1375.0,1423.0,1441.0,3203.0,3328.0,20509.0,20608.0,3810.0,6896.0,361.0,463.0,130.0,178.0,695.0,435.0,4098.0,3653.0,6197.0,5949.0,5248.0,5164.0,3919.0,4373.0,4289.0,4087.0,2894.0,3177.0,2752.0,2808.0,3796.0,4050.0,168.0,10.0,15021.0,11614.0,1659.0,2863.0,25.0,72.0,54.0,30.0,1696.0,825.0,2588.0,2773.0,2013.0,2148.0,1396.0,1639.0,1135.0,1196.0,577.0,683.0,367.0,419.0,348.0,377.0,1239.0,321.0,10365.0,11550.0,5802.0,6210.0,5974.0,6211.0,4607.0,4723.0,4266.0,4441.0,2748.0,2927.0,1534.0,1867.0,1533.0,1562.0,802.0,946.0,453.0,509.0,475.0,519.0,574.0,606.0,3547.0,3612.0,7739.0,8027.0,4229.0,4592.0,2716.0,2786.0,1410.0,1545.0,859.0,985.0,639.0,675.0,344.0,381.0,271.0,297.0,161.0,185.0,,28.0,187.0,380.0,327.0,543.0,255.0,381.0,115.0,157.0,51.0,67.0,32.0,33.0,10.0,15.0,6.0,9.0,2.0,3.0,3.0,19.0,43.0,86.0,64.0,108.0,43.0,56.0,30.0,37.0,34.0,32.0,9.0,16.0,2.0,3.0,6.0,7.0,17.0,14.0,48.0,14.0,144.0,104.0,252.0,186.0,709.0,477.0,660.0,555.0,757.0,646.0,824.0,653.0,785.0,744.0,1421.0,1175.0,1474.0,1374.0,2112.0,1988.0,9066.0,8884.0
Bitlis-13,29127,28416,1224,746,3799,2965,3143,2777,4241,4044,2162,2277,1983,2149,1677,1548,1526,1668,1928,1864,1282,1456,1597,1572,3102,3202,31722,31266,10211,15034,803,1227,207,325,929,701,4763,4268,6146,6095,5440,5342,4025,4362,4452,4242,2847,3214,2898,2891,3717,3978,181,5,20088,15169,2798,4491,25,97,99,37,1985,964,2702,2902,2304,2295,1638,1868,1407,1437,671,792,549,574,481,531,1130,380,10480,10470,5353,5265,5401,5541,4386,4460,4139,4206,2694,2799,1714,1937,1588,1545,832,970,488,554,367,410,739,773,4151,4075,8231,8371,4386,4408,2558,2719,1390,1457,786,921,613,597,317,367,226,248,115,122,4,33,142,383,281,488,213,278,109,133,49,57,37,31,16,19,10,7,3,5,5,22,32,89,63,104,39,47,13,26,18,24,9,12,4,5,2,6,65,31,60,23,301,161,611,451,1346,1055,1120,1016,1273,1163,1061,958,1127,1074,1543,1394,1400,1445,2341,2140,7835,7794
Bolu-14,13607.0,13562.0,64.0,53.0,160.0,114.0,154.0,110.0,197.0,196.0,121.0,115.0,71.0,81.0,79.0,63.0,121.0,114.0,295.0,266.0,513.0,463.0,1173.0,1026.0,6731.0,6647.0,14592.0,14571.0,1110.0,4344.0,36.0,43.0,14.0,23.0,175.0,70.0,2928.0,2242.0,4407.0,4013.0,5228.0,5014.0,5937.0,5998.0,8609.0,7781.0,8967.0,9389.0,9944.0,9671.0,19568.0,20454.0,13.0,,13006.0,10417.0,723.0,1347.0,4.0,10.0,19.0,4.0,1920.0,971.0,2701.0,2949.0,2605.0,2627.0,2319.0,2579.0,1936.0,2009.0,1252.0,1427.0,1036.0,1095.0,1035.0,1190.0,1107.0,86.0,19419.0,19286.0,7744.0,8005.0,7130.0,7084.0,6652.0,6768.0,6867.0,6927.0,4852.0,5322.0,3432.0,3770.0,2978.0,3050.0,2072.0,2366.0,1272.0,1368.0,1166.0,1333.0,717.0,673.0,4084.0,4276.0,7936.0,8111.0,5882.0,5862.0,4588.0,4728.0,3212.0,3445.0,2201.0,2393.0,1708.0,1704.0,1351.0,1339.0,1257.0,1350.0,1265.0,1440.0,1.0,59.0,323.0,639.0,533.0,832.0,556.0,727.0,315.0,376.0,218.0,235.0,125.0,137.0,75.0,72.0,57.0,61.0,42.0,52.0,10.0,28.0,84.0,115.0,231.0,275.0,184.0,227.0,147.0,211.0,89.0,94.0,47.0,58.0,24.0,36.0,21.0,28.0,88.0,24.0,,,4.0,,28.0,13.0,78.0,56.0,96.0,99.0,103.0,100.0,125.0,104.0,125.0,132.0,271.0,223.0,393.0,384.0,921.0,777.0,7549.0,7212.0
Burdur-15,12178.0,11776.0,132.0,100.0,173.0,136.0,118.0,122.0,194.0,180.0,108.0,103.0,75.0,73.0,97.0,81.0,148.0,127.0,333.0,291.0,603.0,541.0,1122.0,1037.0,6560.0,6379.0,12811.0,12745.0,1730.0,4619.0,37.0,47.0,7.0,16.0,126.0,41.0,2578.0,2032.0,4104.0,3699.0,5363.0,5082.0,6210.0,6117.0,8560.0,7768.0,9234.0,9466.0,9861.0,9645.0,21949.0,22733.0,8.0,,11244.0,8892.0,816.0,1592.0,,2.0,19.0,3.0,1626.0,808.0,2446.0,2639.0,2626.0,2590.0,2370.0,2557.0,2128.0,2258.0,1401.0,1534.0,883.0,1002.0,1008.0,1080.0,1264.0,90.0,15253.0,15944.0,4371.0,5112.0,4572.0,4459.0,4464.0,4579.0,4754.0,4785.0,3285.0,3567.0,2626.0,2874.0,2703.0,2661.0,1789.0,2112.0,935.0,1072.0,835.0,953.0,829.0,999.0,3553.0,4026.0,5851.0,6283.0,4494.0,4524.0,3548.0,3596.0,2791.0,2963.0,1926.0,2050.0,1584.0,1611.0,1300.0,1317.0,1296.0,1358.0,892.0,1047.0,1.0,67.0,168.0,404.0,358.0,565.0,360.0,494.0,254.0,297.0,159.0,183.0,105.0,122.0,65.0,68.0,38.0,41.0,26.0,33.0,9.0,31.0,85.0,160.0,95.0,134.0,97.0,121.0,91.0,116.0,61.0,78.0,8.0,15.0,6.0,13.0,14.0,15.0,187.0,40.0,,,6.0,,24.0,18.0,75.0,62.0,89.0,91.0,123.0,123.0,126.0,116.0,175.0,170.0,250.0,212.0,408.0,378.0,649.0,607.0,4885.0,4619.0
Bursa-16,162557.0,161791.0,1759.0,1362.0,3920.0,3205.0,4328.0,3654.0,6475.0,5817.0,2785.0,2961.0,2224.0,2317.0,2054.0,1969.0,2381.0,2432.0,4295.0,3824.0,5087.0,5051.0,7603.0,7167.0,30324.0,30122.0,168038.0,170834.0,18013.0,53700.0,968.0,1149.0,531.0,731.0,3507.0,2267.0,35461.0,29361.0,51296.0,48159.0,55250.0,53757.0,57263.0,57823.0,71593.0,67109.0,72016.0,73742.0,68096.0,68500.0,119564.0,126124.0,72.0,,143365.0,110158.0,10596.0,16809.0,98.0,194.0,291.0,126.0,23321.0,11667.0,32429.0,35673.0,29696.0,30645.0,25323.0,27914.0,22431.0,23201.0,15458.0,16795.0,13508.0,13967.0,17607.0,19250.0,5038.0,450.0,96824.0,100363.0,45357.0,47050.0,64909.0,62206.0,71831.0,71893.0,76364.0,78207.0,56148.0,60792.0,42032.0,45954.0,34731.0,35375.0,25855.0,28582.0,15213.0,16750.0,14439.0,16380.0,6105.0,6273.0,34841.0,34222.0,72951.0,74345.0,62350.0,64057.0,48203.0,50560.0,33691.0,36523.0,23055.0,25175.0,16425.0,17422.0,11639.0,12253.0,10083.0,10572.0,11566.0,12939.0,7.0,388.0,2221.0,3894.0,4240.0,5989.0,4426.0,5924.0,3075.0,3670.0,2380.0,2675.0,1600.0,1817.0,807.0,955.0,539.0,571.0,694.0,769.0,68.0,52.0,409.0,454.0,722.0,743.0,835.0,906.0,834.0,926.0,634.0,741.0,382.0,445.0,203.0,245.0,338.0,363.0,831.0,253.0,17.0,7.0,153.0,97.0,628.0,392.0,1920.0,1531.0,1777.0,1666.0,1676.0,1667.0,1680.0,1578.0,1976.0,1956.0,3854.0,3320.0,4685.0,4640.0,7838.0,7142.0,44326.0,42815.0
Çanakkale-17,21592.0,21435.0,279.0,220.0,718.0,604.0,438.0,458.0,583.0,539.0,380.0,377.0,342.0,339.0,310.0,284.0,411.0,388.0,618.0,554.0,1092.0,982.0,2030.0,1785.0,15069.0,14433.0,22204.0,22574.0,2090.0,7107.0,148.0,208.0,53.0,63.0,367.0,146.0,5902.0,4680.0,9058.0,8390.0,11148.0,10488.0,13381.0,12999.0,17381.0,16413.0,20064.0,19930.0,20659.0,20272.0,42277.0,44486.0,14.0,,19939.0,15499.0,1508.0,2581.0,7.0,23.0,36.0,10.0,3327.0,1670.0,4449.0,5029.0,4638.0,4772.0,4540.0,4845.0,3811.0,4140.0,2546.0,2827.0,1922.0,2061.0,2366.0,2572.0,1204.0,104.0,25775.0,26730.0,9302.0,10543.0,9390.0,9220.0,9864.0,9908.0,10722.0,11003.0,7702.0,8516.0,6402.0,6836.0,6363.0,6544.0,4772.0,5388.0,2770.0,3082.0,3314.0,3683.0,1364.0,1586.0,7190.0,7784.0,13781.0,14620.0,10936.0,11099.0,8746.0,9088.0,6481.0,6984.0,4587.0,4973.0,3776.0,4082.0,3389.0,3427.0,2672.0,2949.0,3155.0,3495.0,1.0,83.0,504.0,855.0,904.0,1333.0,981.0,1259.0,632.0,785.0,469.0,524.0,329.0,347.0,222.0,233.0,147.0,174.0,155.0,184.0,5.0,20.0,109.0,176.0,275.0,380.0,276.0,322.0,274.0,370.0,160.0,218.0,75.0,95.0,57.0,73.0,64.0,78.0,183.0,64.0,,,17.0,12.0,73.0,50.0,246.0,208.0,252.0,229.0,233.0,246.0,232.0,209.0,235.0,233.0,298.0,275.0,376.0,349.0,537.0,510.0,5227.0,4842.0
Çankırı-18,8433.0,8355.0,93.0,97.0,191.0,189.0,159.0,141.0,148.0,147.0,67.0,68.0,66.0,63.0,68.0,77.0,108.0,98.0,258.0,223.0,445.0,435.0,934.0,821.0,5098.0,4966.0,9060.0,8903.0,1124.0,2955.0,57.0,73.0,29.0,39.0,140.0,51.0,1604.0,1317.0,2263.0,2089.0,2652.0,2479.0,3406.0,3374.0,5442.0,5079.0,5512.0,5826.0,6925.0,6644.0,14217.0,14516.0,5.0,,7635.0,6072.0,495.0,1097.0,2.0,7.0,18.0,5.0,1212.0,599.0,1639.0,1746.0,1574.0,1573.0,1654.0,1758.0,1656.0,1685.0,1048.0,1153.0,965.0,992.0,1091.0,1205.0,847.0,52.0,8618.0,8574.0,3128.0,3477.0,3532.0,3635.0,3493.0,3563.0,3676.0,3682.0,2620.0,2857.0,1910.0,2061.0,1979.0,1867.0,1484.0,1768.0,1023.0,1033.0,946.0,1073.0,527.0,488.0,2229.0,2445.0,3871.0,4152.0,2672.0,2775.0,1993.0,2044.0,1574.0,1630.0,1137.0,1183.0,867.0,919.0,715.0,723.0,646.0,682.0,455.0,556.0,1.0,17.0,135.0,255.0,261.0,373.0,236.0,313.0,175.0,190.0,88.0,90.0,64.0,69.0,33.0,38.0,25.0,21.0,30.0,36.0,3.0,7.0,51.0,83.0,82.0,109.0,54.0,72.0,49.0,63.0,16.0,22.0,8.0,12.0,5.0,9.0,8.0,8.0,43.0,13.0,2.0,1.0,10.0,5.0,23.0,21.0,76.0,66.0,110.0,100.0,98.0,92.0,116.0,106.0,113.0,115.0,290.0,241.0,371.0,371.0,881.0,767.0,6038.0,5758.0
Çorum-19,26467.0,25898.0,188.0,175.0,375.0,293.0,478.0,344.0,715.0,605.0,368.0,366.0,261.0,242.0,327.0,282.0,530.0,500.0,1219.0,1019.0,2031.0,1877.0,4345.0,3824.0,20425.0,20214.0,29308.0,28587.0,3999.0,10011.0,80.0,105.0,34.0,56.0,486.0,182.0,6963.0,5519.0,10159.0,9365.0,11300.0,10758.0,12362.0,12567.0,17663.0,16188.0,16309.0,17130.0,16530.0,16365.0,28413.0,29964.0,14.0,,25548.0,20092.0,2033.0,3661.0,10.0,19.0,37.0,10.0,3660.0,1756.0,5038.0,5373.0,4782.0,4869.0,3974.0,4291.0,3784.0,3912.0,2219.0,2539.0,1794.0,1836.0,1686.0,1891.0,2573.0,141.0,18900.0,18865.0,7704.0,8003.0,8868.0,8459.0,9170.0,9237.0,9444.0,9595.0,6409.0,7110.0,4215.0,4769.0,3946.0,3903.0,2700.0,3120.0,1634.0,1761.0,1438.0,1628.0,1059.0,1075.0,5643.0,5558.0,10158.0,10333.0,7553.0,7604.0,6290.0,6387.0,4549.0,4789.0,3122.0,3421.0,2414.0,2458.0,1715.0,1816.0,1613.0,1713.0,1362.0,1548.0,1.0,55.0,254.0,592.0,550.0,823.0,613.0,822.0,390.0,476.0,245.0,309.0,155.0,158.0,78.0,92.0,55.0,55.0,29.0,37.0,10.0,19.0,71.0,140.0,114.0,183.0,104.0,154.0,107.0,129.0,65.0,77.0,18.0,33.0,24.0,25.0,16.0,19.0,167.0,46.0,,,11.0,8.0,69.0,43.0,189.0,156.0,281.0,252.0,258.0,268.0,298.0,277.0,401.0,381.0,848.0,693.0,1353.0,1298.0,2741.0,2407.0,18582.0,17863.0
Denizli-20,53065.0,52003.0,513.0,474.0,869.0,724.0,855.0,697.0,1424.0,1307.0,672.0,685.0,622.0,652.0,652.0,604.0,843.0,819.0,1385.0,1169.0,2227.0,2069.0,3884.0,3511.0,27121.0,26256.0,56512.0,56940.0,7568.0,19056.0,151.0,231.0,75.0,115.0,901.0,400.0,12970.0,10244.0,19616.0,17939.0,22358.0,21463.0,24159.0,23951.0,30281.0,28004.0,30548.0,31621.0,29483.0,28819.0,52573.0,55589.0,15.0,,47834.0,37545.0,3724.0,6359.0,12.0,33.0,107.0,32.0,8109.0,4027.0,10348.0,11611.0,9208.0,9540.0,8538.0,9229.0,6776.0,7249.0,4120.0,4702.0,2962.0,3208.0,2875.0,3329.0,3696.0,208.0,41148.0,41858.0,16555.0,17542.0,20379.0,19643.0,21553.0,22075.0,23107.0,23746.0,15576.0,17654.0,12086.0,13159.0,10540.0,10843.0,7033.0,8210.0,4135.0,4571.0,3485.0,4064.0,2297.0,2305.0,12004.0,12537.0,23006.0,23750.0,18328.0,18804.0,15727.0,16100.0,11245.0,12286.0,8078.0,8613.0,5896.0,6319.0,4421.0,4524.0,3993.0,4250.0,3833.0,4388.0,3.0,145.0,747.0,1473.0,1434.0,2071.0,1413.0,1858.0,900.0,1129.0,736.0,850.0,448.0,490.0,230.0,264.0,153.0,153.0,139.0,173.0,26.0,41.0,180.0,201.0,376.0,462.0,418.0,474.0,369.0,427.0,237.0,292.0,104.0,132.0,72.0,81.0,54.0,67.0,507.0,128.0,21.0,10.0,49.0,37.0,122.0,93.0,351.0,271.0,389.0,378.0,397.0,370.0,348.0,337.0,390.0,376.0,703.0,600.0,920.0,867.0,1447.0,1336.0,9513.0,9131.0
Diyarbakır-21,142034,141648,6541,4295,15511,12690,14046,12587,23652,21904,17254,17492,15071,16246,12472,12496,10901,11995,10936,10709,7510,8370,7301,7283,15550,16354,148195,150064,33819,59971,2303,3210,1096,1488,4109,3447,24089,20850,31104,31876,25236,25877,18632,20477,19230,18772,11773,13245,10156,10248,12840,14047,484,10,101820,77867,13129,21383,126,335,338,207,8745,4210,11860,12892,9252,9692,6694,7560,5625,5786,2778,3271,1816,1944,1735,1966,4540,1178,49168,51221,25012,25513,27967,28258,23555,24433,21304,21809,14346,15683,8862,10071,8061,7981,4374,5248,2381,2494,2236,2545,2573,2780,16258,16430,39153,40308,26154,27684,16911,17599,9766,10324,5427,6156,3627,3712,2066,2251,1534,1690,1012,1156,5,195,476,1926,1498,2802,1463,2560,822,1219,499,700,299,345,145,163,110,102,58,67,10,17,125,158,276,364,322,382,299,345,213,243,119,147,61,82,58,56,250,107,108,45,796,540,2928,1786,8236,6528,9095,7632,8909,8423,7666,6928,7499,7313,9296,8386,8603,8652,10937,9946,41022,41212
Düzce-81,19631.0,19468.0,163.0,135.0,200.0,190.0,215.0,183.0,376.0,314.0,213.0,201.0,167.0,161.0,216.0,189.0,321.0,320.0,808.0,671.0,1305.0,1270.0,2228.0,2011.0,7853.0,7886.0,21931.0,22274.0,1890.0,6323.0,49.0,55.0,30.0,47.0,290.0,137.0,3932.0,3224.0,6234.0,5790.0,7645.0,7180.0,7871.0,8192.0,10671.0,9833.0,10209.0,10781.0,9747.0,9664.0,15139.0,15856.0,31.0,,19810.0,15735.0,1249.0,2279.0,6.0,34.0,32.0,11.0,2835.0,1360.0,3710.0,4019.0,3382.0,3519.0,2725.0,3192.0,2388.0,2494.0,1485.0,1661.0,1111.0,1138.0,1031.0,1161.0,1046.0,146.0,17712.0,18465.0,7071.0,7275.0,8854.0,8525.0,8503.0,8748.0,8560.0,8782.0,5684.0,6258.0,3930.0,4421.0,3486.0,3566.0,2278.0,2706.0,1368.0,1501.0,1029.0,1239.0,906.0,951.0,5097.0,5131.0,8925.0,9659.0,6251.0,6525.0,4775.0,4971.0,3250.0,3596.0,2057.0,2330.0,1435.0,1558.0,1094.0,1150.0,1011.0,1084.0,1026.0,1161.0,4.0,67.0,260.0,630.0,502.0,734.0,449.0,606.0,279.0,365.0,161.0,198.0,97.0,107.0,59.0,65.0,48.0,49.0,42.0,49.0,16.0,15.0,89.0,148.0,176.0,245.0,140.0,183.0,97.0,117.0,70.0,76.0,30.0,45.0,20.0,26.0,20.0,26.0,94.0,56.0,3.0,3.0,11.0,7.0,62.0,37.0,172.0,145.0,180.0,173.0,211.0,212.0,200.0,183.0,254.0,239.0,491.0,415.0,830.0,789.0,1305.0,1250.0,7534.0,7223.0
Edirne-22,15916.0,15724.0,398.0,278.0,966.0,832.0,664.0,599.0,873.0,776.0,535.0,562.0,426.0,436.0,432.0,422.0,480.0,510.0,711.0,650.0,943.0,895.0,1377.0,1250.0,8128.0,7857.0,16679.0,16656.0,2327.0,5822.0,180.0,272.0,47.0,93.0,390.0,226.0,3568.0,2975.0,5509.0,5046.0,7218.0,6913.0,9063.0,8480.0,13630.0,12363.0,16842.0,16741.0,16863.0,16696.0,31589.0,33356.0,4.0,,14490.0,10914.0,1145.0,1941.0,5.0,14.0,44.0,12.0,2600.0,1323.0,3624.0,3845.0,3973.0,3929.0,3917.0,4013.0,3360.0,3711.0,2329.0,2546.0,1816.0,1954.0,1809.0,2051.0,706.0,63.0,20055.0,21887.0,7372.0,8114.0,8172.0,8200.0,8043.0,8023.0,8848.0,8904.0,6628.0,7281.0,5633.0,5861.0,5287.0,5328.0,4192.0,4630.0,2188.0,2521.0,2022.0,2302.0,927.0,990.0,5216.0,5373.0,10600.0,10735.0,7611.0,7880.0,5841.0,5923.0,4200.0,4497.0,3219.0,3397.0,2474.0,2585.0,2181.0,2126.0,1946.0,2041.0,1953.0,2251.0,1.0,50.0,420.0,847.0,714.0,1016.0,676.0,853.0,456.0,522.0,341.0,351.0,268.0,265.0,164.0,168.0,81.0,105.0,83.0,92.0,8.0,20.0,118.0,170.0,244.0,303.0,222.0,280.0,233.0,260.0,159.0,209.0,94.0,119.0,52.0,63.0,55.0,68.0,123.0,36.0,5.0,2.0,44.0,29.0,116.0,87.0,313.0,235.0,348.0,294.0,350.0,343.0,390.0,356.0,442.0,441.0,611.0,538.0,796.0,746.0,1070.0,978.0,6567.0,6258.0
Elazığ-23,33394,33015,534,417,1090,888,1033,923,1740,1452,1407,1493,1644,1529,2179,1919,2351,2473,3741,3323,3745,3855,5125,4881,16848,16818,37567,37805,4233,11516,226,282,103,151,1108,470,8180,7102,11125,10629,11506,11151,9685,10492,11643,11143,9302,9841,8684,8796,14911,15637,73,4,31618,24874,2164,4091,16,58,89,34,3984,1939,5449,5734,5424,5370,4876,5375,4252,4363,2465,2783,1860,2001,2123,2303,2767,479,28792,28096,12493,13146,10772,10458,11227,11284,11204,11425,8319,8992,5802,6334,5947,5730,4587,5151,2788,3047,2397,2713,1495,1558,8548,8475,15719,15756,10583,11090,8158,8196,5471,5789,3844,4181,2868,2932,1920,2026,1775,1894,1551,1742,2,103,536,1134,1189,1704,1025,1610,623,775,422,520,277,307,131,141,61,85,60,63,32,40,169,234,299,353,292,350,313,328,224,264,111,128,70,78,49,57,98,32,1,1,29,11,179,113,532,402,580,533,685,592,808,737,898,903,1651,1443,1984,1941,3172,2981,13113,12850
Erzincan-24,10986.0,11184.0,130.0,101.0,300.0,255.0,234.0,206.0,344.0,311.0,161.0,207.0,213.0,213.0,200.0,196.0,223.0,256.0,538.0,466.0,655.0,720.0,1057.0,1048.0,4146.0,4579.0,11992.0,11912.0,1320.0,3915.0,69.0,94.0,24.0,41.0,252.0,102.0,2096.0,1797.0,3136.0,2855.0,3686.0,3517.0,3716.0,3808.0,4951.0,4619.0,4655.0,4742.0,5174.0,5108.0,10977.0,10935.0,11.0,1.0,11079.0,8619.0,751.0,1500.0,8.0,19.0,21.0,9.0,1311.0,662.0,1936.0,2087.0,2130.0,2137.0,1937.0,2143.0,1844.0,1885.0,1117.0,1281.0,778.0,824.0,953.0,1057.0,943.0,167.0,13621.0,15761.0,5364.0,5973.0,4785.0,4736.0,4744.0,4696.0,4695.0,4792.0,3290.0,3547.0,2378.0,2638.0,2117.0,2151.0,1416.0,1682.0,765.0,825.0,690.0,787.0,897.0,928.0,4189.0,4540.0,7105.0,7741.0,4715.0,4763.0,3412.0,3434.0,2246.0,2362.0,1474.0,1603.0,914.0,965.0,623.0,663.0,574.0,597.0,459.0,517.0,,49.0,206.0,461.0,449.0,614.0,382.0,441.0,241.0,243.0,146.0,167.0,73.0,78.0,38.0,45.0,46.0,36.0,36.0,43.0,12.0,24.0,79.0,165.0,109.0,207.0,78.0,96.0,55.0,88.0,42.0,46.0,17.0,27.0,25.0,31.0,14.0,19.0,93.0,20.0,,,2.0,2.0,57.0,18.0,137.0,118.0,153.0,123.0,238.0,189.0,242.0,217.0,274.0,260.0,579.0,438.0,826.0,759.0,1437.0,1224.0,8238.0,7244.0
Erzurum-25,49315,48662,1049,717,3241,2421,3118,2785,4131,3759,2006,2148,1960,1954,1853,1735,1717,1835,2704,2372,2271,2442,3220,3062,10621,10426,57260,55238,14447,24055,827,1190,190,296,1823,884,12565,10978,15645,14998,15367,14615,12079,13323,15661,14057,11138,12346,12368,12052,22125,22658,186,13,41764,31879,3929,6796,30,78,88,30,4111,2158,5789,6126,5700,5621,4986,5550,4577,4669,2432,2908,1960,2016,2392,2582,2543,682,38318,38952,16101,16859,13454,13132,12418,12401,12439,12501,9039,9753,6302,6972,5699,5597,3495,4061,2311,2450,2149,2383,1577,1537,9446,9832,20120,19500,13049,13152,8691,8642,5380,5737,3708,4043,2641,2635,1619,1769,1405,1466,1093,1226,5,226,743,1852,1295,2056,1179,1574,653,711,346,403,218,226,130,140,97,105,62,71,31,63,244,392,412,530,420,488,374,419,298,307,153,187,97,108,94,97,123,27,37,16,136,85,490,334,1380,1086,1469,1319,1738,1626,1724,1517,1608,1673,2913,2402,2870,3012,4771,4247,21713,20903
Eskişehir-26,38227.0,38268.0,324.0,306.0,688.0,582.0,678.0,609.0,973.0,903.0,474.0,503.0,362.0,374.0,369.0,347.0,390.0,388.0,739.0,628.0,853.0,869.0,1441.0,1318.0,9160.0,8864.0,40695.0,41144.0,3514.0,12759.0,135.0,194.0,70.0,130.0,547.0,407.0,6720.0,5660.0,9665.0,9034.0,11590.0,11117.0,14409.0,14035.0,20624.0,18672.0,22549.0,23548.0,24225.0,23176.0,51536.0,53864.0,14.0,,36066.0,28706.0,2377.0,4199.0,12.0,25.0,50.0,22.0,4654.0,2251.0,7222.0,7717.0,7972.0,8050.0,8065.0,8380.0,7524.0,7806.0,5223.0,5670.0,4018.0,4256.0,5248.0,5713.0,3054.0,193.0,41804.0,43090.0,20735.0,21746.0,21558.0,20554.0,22028.0,21932.0,22679.0,23020.0,17723.0,18971.0,13590.0,14768.0,12145.0,12043.0,9301.0,10473.0,5389.0,5906.0,5861.0,6543.0,1600.0,1693.0,12877.0,11992.0,26937.0,27199.0,20674.0,21021.0,16378.0,16707.0,12621.0,13509.0,9468.0,10123.0,7161.0,7584.0,5190.0,5410.0,4486.0,4766.0,4636.0,5232.0,7.0,193.0,1357.0,1973.0,2306.0,3133.0,2225.0,2759.0,1556.0,1833.0,1153.0,1274.0,718.0,791.0,396.0,443.0,229.0,226.0,190.0,234.0,75.0,61.0,418.0,464.0,712.0,767.0,694.0,803.0,641.0,723.0,440.0,533.0,269.0,315.0,181.0,206.0,222.0,243.0,303.0,102.0,7.0,3.0,34.0,25.0,142.0,81.0,372.0,318.0,401.0,382.0,370.0,345.0,399.0,376.0,400.0,395.0,691.0,598.0,887.0,903.0,1402.0,1253.0,10789.0,10355.0
Gaziantep-27,167971,166892,3819,2804,8624,6764,8884,7124,13426,10324,5062,5452,3757,3656,3567,3393,4109,4098,5909,5479,5528,5647,6392,6105,16778,17228,166114,169788,30445,58938,2082,2586,939,1566,5813,5200,40389,34462,48100,47279,41931,43020,33088,35143,36518,35110,25991,28171,22646,22577,31846,34313,162,2,114783,89015,10140,18892,242,391,406,264,14258,6927,16965,18897,14641,15356,11481,12902,9481,9816,5342,6089,3512,3711,3408,3854,6062,856,58010,63273,24647,27107,30401,29603,30600,31726,28859,29395,19035,21005,12238,13550,10232,10288,6598,7519,3950,4238,3191,3685,3649,3804,19063,19242,37602,39456,25829,26712,19439,19941,12753,13710,7435,8299,4656,4932,2982,3142,2687,2762,2828,3131,9,227,1014,2228,1969,3130,2176,2878,1364,1603,894,1080,521,560,225,259,147,163,157,174,22,46,218,269,459,558,415,487,363,403,253,316,124,144,63,74,74,81,312,73,11,3,85,49,457,281,1519,1223,1433,1348,1573,1481,1856,1662,2572,2382,4468,3983,5518,5216,8338,7557,38229,37638
Giresun-28,19531.0,18618.0,246.0,251.0,339.0,287.0,236.0,196.0,468.0,373.0,243.0,238.0,251.0,245.0,349.0,279.0,591.0,570.0,1508.0,1239.0,2486.0,2301.0,4640.0,4302.0,23064.0,22467.0,22939.0,21793.0,1450.0,6522.0,50.0,53.0,25.0,25.0,343.0,135.0,4000.0,3170.0,6283.0,5596.0,7765.0,7074.0,8683.0,8541.0,12678.0,11646.0,13262.0,13344.0,12787.0,13067.0,22254.0,22610.0,17.0,,22678.0,17141.0,1374.0,2017.0,2.0,8.0,45.0,10.0,2844.0,1399.0,3984.0,4172.0,4160.0,4098.0,4169.0,4193.0,4088.0,4220.0,2705.0,2923.0,2063.0,2227.0,1954.0,2114.0,1370.0,158.0,21798.0,21059.0,7795.0,7737.0,8246.0,7880.0,8549.0,8384.0,8932.0,8855.0,6567.0,6925.0,5343.0,5504.0,5704.0,5510.0,4028.0,4491.0,2396.0,2582.0,1769.0,1982.0,1674.0,1710.0,6830.0,6696.0,10707.0,10969.0,7199.0,7231.0,5188.0,5361.0,3912.0,3984.0,2737.0,2844.0,2239.0,2267.0,2133.0,2083.0,1821.0,1937.0,1582.0,1737.0,2.0,84.0,258.0,577.0,453.0,711.0,460.0,598.0,307.0,410.0,242.0,255.0,174.0,178.0,118.0,119.0,94.0,104.0,74.0,74.0,6.0,26.0,93.0,159.0,150.0,214.0,110.0,148.0,88.0,129.0,81.0,95.0,27.0,39.0,21.0,29.0,26.0,32.0,112.0,40.0,6.0,5.0,2.0,2.0,55.0,31.0,191.0,149.0,266.0,246.0,294.0,278.0,319.0,269.0,419.0,411.0,928.0,780.0,1507.0,1373.0,2828.0,2610.0,14972.0,14354.0
Gümüşhane-29,10320.0,9062.0,885.0,1164.0,847.0,872.0,368.0,475.0,223.0,232.0,82.0,88.0,84.0,69.0,125.0,117.0,158.0,148.0,406.0,328.0,537.0,507.0,999.0,879.0,4095.0,3916.0,8142.0,7360.0,814.0,2346.0,22.0,33.0,15.0,14.0,151.0,42.0,1666.0,1271.0,2381.0,2052.0,3059.0,2607.0,2992.0,2959.0,4226.0,3648.0,3665.0,3634.0,3922.0,3849.0,7071.0,7029.0,4.0,,7463.0,5339.0,521.0,758.0,1.0,4.0,19.0,3.0,945.0,451.0,1522.0,1513.0,1594.0,1469.0,1369.0,1477.0,1347.0,1308.0,770.0,820.0,551.0,604.0,452.0,469.0,549.0,103.0,12022.0,11544.0,4580.0,4723.0,3522.0,3202.0,3360.0,3251.0,3136.0,2994.0,2193.0,2235.0,1576.0,1686.0,1590.0,1546.0,985.0,1136.0,541.0,534.0,467.0,514.0,788.0,730.0,3376.0,3443.0,5057.0,5329.0,2679.0,2708.0,1611.0,1596.0,1051.0,1034.0,718.0,740.0,602.0,626.0,439.0,433.0,336.0,370.0,328.0,336.0,,45.0,176.0,296.0,246.0,355.0,165.0,206.0,84.0,98.0,49.0,64.0,32.0,31.0,21.0,26.0,14.0,16.0,10.0,11.0,11.0,25.0,62.0,98.0,87.0,110.0,57.0,73.0,27.0,25.0,17.0,34.0,5.0,5.0,5.0,6.0,8.0,9.0,22.0,12.0,1.0,,1.0,1.0,27.0,10.0,67.0,54.0,70.0,61.0,78.0,74.0,84.0,78.0,85.0,96.0,219.0,174.0,328.0,299.0,628.0,579.0,4604.0,4291.0
Hakkari-30,22828,22021,1333,1302,2424,1870,1789,1712,2914,2914,2213,2353,2456,2692,1474,1617,1097,1205,1256,1297,907,1008,771,804,1399,1496,23882,23751,5184,9571,524,658,129,169,524,287,3458,2897,5209,5280,3725,3788,2471,2759,2815,2736,1699,1870,1326,1381,1552,1679,422,24,17457,13237,2923,4050,13,91,45,24,1205,604,1653,1871,1181,1253,751,872,667,697,383,429,251,272,205,223,903,669,10107,10931,6313,7939,7787,9122,4361,4530,3659,3937,2043,2220,1076,1315,1003,964,534,616,327,350,332,361,731,753,3828,3984,8153,8426,3468,3797,1713,1997,873,975,378,511,329,334,169,177,86,102,43,43,1,17,112,235,172,279,145,195,74,74,26,36,10,11,10,8,4,6,4,4,2,8,14,41,15,40,10,22,11,13,11,12,7,5,2,3,5,4,16,10,110,57,334,230,516,408,1194,959,1545,1232,1989,1797,1259,1211,1161,1064,1613,1482,1344,1308,1485,1458,4733,4683
Hatay-31,113595.0,112645.0,2090.0,1723.0,4465.0,3625.0,4097.0,3568.0,5319.0,4879.0,2868.0,3006.0,2600.0,2580.0,2772.0,2493.0,3953.0,3761.0,6689.0,6079.0,8071.0,7986.0,11165.0,10597.0,37161.0,36981.0,120753.0,121919.0,16936.0,39883.0,666.0,903.0,353.0,546.0,3102.0,1465.0,28146.0,24291.0,39597.0,37469.0,40747.0,40048.0,36539.0,38203.0,40739.0,39553.0,31163.0,33551.0,26976.0,27590.0,36460.0,39091.0,111.0,,90307.0,71064.0,5338.0,10176.0,57.0,130.0,288.0,85.0,11726.0,6088.0,15650.0,16670.0,13336.0,13889.0,11808.0,12620.0,9956.0,10566.0,5509.0,6292.0,3736.0,4052.0,3477.0,3900.0,5315.0,694.0,50812.0,51452.0,19861.0,20364.0,25607.0,24071.0,26801.0,27491.0,26858.0,26974.0,17760.0,19909.0,13187.0,14059.0,13192.0,13091.0,9043.0,10402.0,4978.0,5514.0,3935.0,4554.0,3735.0,4070.0,16649.0,16970.0,32139.0,32704.0,24039.0,24813.0,19089.0,19386.0,13127.0,14157.0,8139.0,9018.0,5510.0,5757.0,4216.0,4175.0,4062.0,4312.0,3463.0,3922.0,3.0,162.0,515.0,1444.0,1263.0,2121.0,1591.0,2375.0,908.0,1132.0,658.0,787.0,417.0,462.0,241.0,270.0,173.0,194.0,171.0,190.0,12.0,30.0,112.0,173.0,267.0,324.0,340.0,378.0,309.0,379.0,199.0,249.0,75.0,106.0,57.0,71.0,54.0,64.0,477.0,166.0,12.0,6.0,69.0,46.0,328.0,212.0,951.0,792.0,941.0,905.0,951.0,923.0,896.0,870.0,1203.0,1135.0,2249.0,1944.0,2967.0,2905.0,4238.0,4028.0,17202.0,16952.0
Iğdır-76,14877,14887,564,393,1475,1183,1190,1101,1649,1483,1189,1234,1023,1028,860,818,660,760,918,831,796,874,955,913,2240,2289,15983,15679,3124,6169,176,261,70,139,405,317,2667,2376,3853,3796,3345,3287,2241,2602,2739,2552,2022,2170,2058,2027,2903,3191,166,4,12509,9493,1606,2467,4,25,38,17,875,492,1553,1556,1252,1243,1014,1133,923,932,570,624,433,454,356,393,453,241,5841,6313,2678,2802,2822,2803,2655,2713,2606,2623,1909,1976,1303,1499,1199,1176,804,907,466,475,285,335,433,469,2131,2286,4472,4561,2850,2964,1781,1822,953,1047,579,618,399,410,248,257,240,250,121,154,2,19,89,234,182,310,157,218,83,98,61,72,31,32,17,16,20,20,8,10,2,5,26,45,28,60,28,37,12,24,20,22,6,13,5,5,7,10,31,17,30,15,118,89,247,161,644,525,793,698,890,841,835,765,651,693,1044,912,1087,1092,1538,1445,5017,5038
Isparta-32,21499.0,20956.0,354.0,322.0,424.0,479.0,251.0,235.0,385.0,338.0,177.0,174.0,126.0,132.0,150.0,138.0,220.0,188.0,439.0,372.0,730.0,701.0,1283.0,1174.0,8202.0,7918.0,22461.0,22325.0,2297.0,7155.0,48.0,91.0,23.0,37.0,263.0,101.0,3472.0,2729.0,5452.0,4952.0,6701.0,6353.0,8283.0,8080.0,11556.0,10575.0,12929.0,13160.0,14027.0,13563.0,27414.0,28629.0,13.0,,18542.0,14963.0,1185.0,2603.0,6.0,17.0,25.0,7.0,2689.0,1401.0,3829.0,3939.0,3844.0,3781.0,3678.0,3923.0,3332.0,3451.0,2254.0,2402.0,1620.0,1771.0,1847.0,1991.0,2273.0,126.0,25605.0,26105.0,8518.0,9347.0,9106.0,8579.0,9388.0,9426.0,9896.0,9918.0,7145.0,7773.0,5479.0,5898.0,4907.0,4877.0,3463.0,4022.0,2187.0,2317.0,2166.0,2424.0,1263.0,1546.0,5990.0,6393.0,10991.0,11223.0,8449.0,8492.0,6783.0,6885.0,5503.0,5711.0,3893.0,4181.0,3154.0,3189.0,2510.0,2650.0,2089.0,2191.0,1960.0,2209.0,2.0,112.0,477.0,996.0,860.0,1141.0,953.0,1099.0,574.0,689.0,408.0,447.0,214.0,238.0,149.0,147.0,93.0,94.0,85.0,93.0,11.0,47.0,131.0,248.0,308.0,451.0,331.0,406.0,324.0,378.0,181.0,227.0,91.0,122.0,51.0,66.0,59.0,64.0,202.0,61.0,1.0,1.0,6.0,1.0,39.0,26.0,136.0,112.0,165.0,147.0,181.0,180.0,180.0,163.0,234.0,229.0,450.0,372.0,726.0,716.0,1183.0,1087.0,7568.0,7236.0
İstanbul-34,834006,824825,13865,11254,29946,23154,34793,28527,56140,49642,25330,26362,17841,18279,14857,13981,15819,16087,25131,22411,26810,26786,34853,33405,99075,101176,870510,872585,110954,283876,9877,10955,6953,8297,28881,21393,227238,190211,304675,288472,300741,293550,258716,271798,307514,287114,264925,274673,241673,241325,387264,410516,765,11,709736,540836,66208,98145,731,1729,1999,1054,116738,56981,155666,169566,147213,149196,122578,136416,102831,107268,63498,70141,46600,48941,70301,74741,19757,3216,497186,522410,236484,240943,307002,290647,349077,341984,375826,376111,281174,299225,207293,227039,171708,173457,119722,133077,71318,76996,99559,106895,40717,46150,201265,205875,468510,465078,387905,388588,295744,303000,203924,216779,136621,148345,96052,101667,68055,70842,55935,58409,84022,91132,137,2300,24071,35765,48286,62684,47630,57687,32323,37069,23540,26365,14845,16521,8922,9816,6365,6700,9813,10644,586,895,4304,5382,7527,9016,7304,8735,6945,7826,5926,6649,3999,4749,2758,3107,5454,6003,2226,915,181,68,1119,746,4103,2538,12382,9784,11600,10708,10736,10378,9583,8806,11414,11160,21380,18329,24752,24241,37450,34641,151207,150110
İzmir-35,206161,204742,2157,1833,5550,4139,6390,5148,11137,9659,6164,6169,5379,5330,4948,4586,5769,5799,9097,8089,10726,10637,15115,14056,64769,64019,212957,216278,22648,66350,1160,1474,813,1077,5364,2982,54424,44915,76065,71612,82948,80270,81866,82760,103842,96224,106786,108154,107490,106134,207979,217947,109,2,184458,141670,15389,24614,107,230,470,201,29597,14504,40328,44082,38565,39180,35875,38430,31694,32804,22192,23888,18609,19458,29111,30988,7627,600,141566,147636,69033,71924,86489,83760,97114,96478,105113,105966,81632,87281,63360,68435,57791,57468,45919,50613,29515,32033,41751,45128,9051,9645,51639,52798,113779,115724,97066,98254,83075,85927,64755,68862,49174,52701,40326,42119,32366,33710,27546,28999,39434,43165,17,804,5226,8534,9705,12885,9623,12360,6366,7494,5405,5958,3837,4355,2347,2667,1572,1741,2350,2661,135,130,1067,1153,2138,2338,2103,2374,2167,2415,1932,2123,1192,1419,837,936,1593,1739,1349,458,19,6,165,114,643,412,1975,1585,1928,1813,1914,1825,1895,1734,2113,2110,3777,3356,4496,4421,6587,6093,36891,35731
Kahramanmaraş-46,84822,83849,1380,1120,2549,2064,2609,2159,3080,2508,1309,1308,1302,1236,1601,1410,2368,2310,3495,3196,3666,3690,5266,4944,16439,16726,88516,88713,14011,31597,521,576,209,447,2111,1281,19839,16804,25006,24503,24095,23791,22014,23170,22769,22355,17726,18974,17201,17220,25323,27322,155,1,65702,52537,5595,10825,61,111,247,81,8527,4364,11719,12632,10208,10415,8562,9525,6800,7219,3939,4535,2665,2860,2116,2424,6163,654,39033,39044,15655,15565,19963,18637,21182,21521,20530,21028,13039,14567,7889,8880,6935,6954,4354,5041,2671,2857,1833,2153,2636,2573,11855,12097,20986,21696,16085,16379,12309,12775,7647,8209,4825,5466,3281,3434,2323,2394,2281,2425,1791,2018,6,150,493,1241,1069,1724,1427,1918,891,1087,586,670,318,352,168,178,129,142,87,106,6,31,81,146,202,269,222,289,265,313,180,227,57,89,44,47,45,52,319,72,5,2,44,19,364,229,998,822,995,944,1175,1108,1298,1144,1985,1892,3199,2793,4082,3979,7192,6493,31641,31663
Karabük-78,9982.0,9919.0,59.0,51.0,151.0,106.0,117.0,102.0,151.0,120.0,78.0,85.0,77.0,76.0,63.0,56.0,123.0,113.0,357.0,272.0,664.0,643.0,1267.0,1179.0,5075.0,4992.0,11317.0,11314.0,799.0,3280.0,23.0,35.0,7.0,16.0,115.0,41.0,1734.0,1400.0,2502.0,2324.0,3479.0,3258.0,4531.0,4343.0,6234.0,5779.0,6961.0,7183.0,7776.0,7482.0,13258.0,14128.0,4.0,,10286.0,8460.0,510.0,974.0,1.0,8.0,7.0,,1536.0,740.0,2219.0,2393.0,2352.0,2388.0,2411.0,2549.0,2105.0,2214.0,1332.0,1503.0,1014.0,1071.0,978.0,1096.0,1335.0,78.0,20450.0,18659.0,6901.0,7788.0,4369.0,4530.0,4535.0,4456.0,5054.0,5027.0,4207.0,4467.0,2831.0,3166.0,2499.0,2482.0,1967.0,2147.0,1193.0,1279.0,1048.0,1230.0,784.0,844.0,4175.0,4053.0,7360.0,7685.0,4648.0,4877.0,3497.0,3585.0,2765.0,2902.0,1997.0,2161.0,1366.0,1448.0,893.0,935.0,723.0,777.0,582.0,677.0,3.0,49.0,285.0,430.0,418.0,582.0,404.0,445.0,271.0,351.0,179.0,226.0,102.0,117.0,30.0,47.0,23.0,20.0,22.0,22.0,14.0,26.0,103.0,149.0,130.0,181.0,97.0,139.0,105.0,120.0,52.0,64.0,19.0,26.0,10.0,14.0,12.0,15.0,63.0,12.0,3.0,2.0,11.0,8.0,32.0,19.0,84.0,74.0,105.0,98.0,133.0,124.0,115.0,107.0,153.0,157.0,347.0,282.0,580.0,541.0,1149.0,1025.0,8279.0,7952.0
Karaman-70,14060.0,13687.0,151.0,119.0,152.0,139.0,135.0,105.0,157.0,132.0,98.0,113.0,62.0,64.0,61.0,52.0,96.0,101.0,180.0,154.0,229.0,202.0,638.0,560.0,5377.0,5213.0,15537.0,15398.0,2379.0,5280.0,23.0,39.0,15.0,13.0,181.0,51.0,3474.0,2750.0,4647.0,4336.0,5213.0,4999.0,6036.0,5963.0,7122.0,6724.0,6699.0,6999.0,7093.0,6894.0,13074.0,13723.0,12.0,,12982.0,10147.0,930.0,1731.0,3.0,9.0,25.0,2.0,1950.0,946.0,2350.0,2513.0,2144.0,2236.0,1968.0,2198.0,1629.0,1763.0,917.0,1084.0,626.0,657.0,620.0,697.0,1010.0,79.0,10444.0,10129.0,3631.0,3829.0,4196.0,3880.0,4478.0,4557.0,4364.0,4426.0,3011.0,3253.0,2024.0,2201.0,1840.0,1797.0,1174.0,1365.0,690.0,745.0,524.0,613.0,755.0,785.0,3162.0,3243.0,5624.0,5670.0,4158.0,4180.0,3176.0,3267.0,2205.0,2311.0,1432.0,1569.0,1002.0,1024.0,619.0,659.0,567.0,574.0,573.0,637.0,,42.0,156.0,331.0,319.0,494.0,305.0,400.0,172.0,210.0,124.0,150.0,77.0,77.0,28.0,39.0,23.0,23.0,14.0,17.0,7.0,23.0,43.0,87.0,71.0,107.0,58.0,62.0,49.0,59.0,30.0,37.0,12.0,19.0,2.0,3.0,4.0,5.0,77.0,23.0,3.0,2.0,10.0,4.0,20.0,19.0,70.0,43.0,107.0,102.0,86.0,92.0,98.0,88.0,120.0,112.0,139.0,125.0,231.0,220.0,521.0,442.0,4075.0,3917.0
Kars-36,20584,19930,375,261,1589,1121,1507,1290,2005,1749,1090,1174,719,699,542,512,490,521,808,697,845,830,1069,1021,3587,3534,22823,22562,4430,8212,317,493,68,152,753,463,5290,4466,6835,6788,6186,5956,4392,4980,5827,5302,4274,4546,3820,3905,7390,7501,148,7,16856,12823,1793,3112,10,34,64,24,1611,842,2435,2649,2345,2238,1798,2029,1766,1762,955,1068,665,727,644,706,735,310,10279,11246,4377,4530,4305,4105,3455,3524,3922,3848,3046,3252,2127,2348,2240,2212,1436,1605,810,871,740,809,755,735,3732,3674,7007,6789,4219,4083,2555,2583,1413,1495,842,929,651,637,366,397,306,323,226,264,3,43,177,436,301,491,241,319,125,151,79,74,33,41,22,20,12,15,8,11,6,23,61,128,130,163,70,108,70,89,47,46,20,25,4,5,9,6,45,12,24,4,135,88,220,148,639,517,629,566,645,644,675,563,583,658,1187,1004,1379,1324,1973,1846,8798,8482
Kastamonu-37,15701.0,15364.0,110.0,98.0,344.0,215.0,285.0,219.0,395.0,354.0,186.0,216.0,190.0,180.0,203.0,182.0,351.0,337.0,892.0,760.0,1423.0,1320.0,2909.0,2616.0,14600.0,14287.0,18516.0,18221.0,2133.0,5760.0,98.0,79.0,34.0,49.0,339.0,106.0,5062.0,4057.0,6898.0,6480.0,7527.0,7187.0,8129.0,8129.0,12157.0,11159.0,13396.0,13915.0,14898.0,14852.0,26379.0,27409.0,24.0,1.0,15320.0,12155.0,939.0,1540.0,7.0,21.0,25.0,5.0,2345.0,1199.0,3215.0,3493.0,2951.0,3067.0,2679.0,2935.0,2557.0,2646.0,1779.0,1994.0,1676.0,1734.0,1666.0,1852.0,1421.0,137.0,18235.0,17541.0,6361.0,6362.0,6446.0,6241.0,6480.0,6541.0,6683.0,6733.0,4315.0,4725.0,3084.0,3290.0,3149.0,3021.0,2466.0,2836.0,1374.0,1487.0,1320.0,1432.0,1168.0,995.0,4998.0,4774.0,8084.0,8013.0,5486.0,5592.0,4208.0,4255.0,2983.0,3066.0,2191.0,2289.0,1691.0,1744.0,1278.0,1291.0,1225.0,1230.0,1122.0,1309.0,1.0,60.0,282.0,515.0,500.0,718.0,449.0,565.0,264.0,314.0,156.0,183.0,92.0,108.0,55.0,55.0,54.0,48.0,35.0,36.0,10.0,28.0,70.0,157.0,118.0,155.0,112.0,130.0,64.0,86.0,48.0,53.0,24.0,30.0,15.0,22.0,27.0,29.0,58.0,18.0,3.0,,9.0,7.0,61.0,38.0,205.0,162.0,243.0,230.0,271.0,248.0,324.0,294.0,362.0,351.0,702.0,614.0,1172.0,1091.0,2359.0,2138.0,16244.0,15459.0
Kayseri-38,88411.0,87174.0,707.0,610.0,1420.0,1145.0,1604.0,1235.0,2477.0,2068.0,1036.0,999.0,839.0,811.0,945.0,845.0,1305.0,1253.0,2507.0,2202.0,3454.0,3312.0,5256.0,4877.0,20625.0,20667.0,93709.0,94821.0,11132.0,29374.0,398.0,431.0,151.0,253.0,1827.0,916.0,19286.0,15738.0,25120.0,23501.0,27599.0,26839.0,26442.0,27250.0,33143.0,30979.0,31040.0,32197.0,28931.0,29093.0,47811.0,50611.0,50.0,,73490.0,58827.0,4820.0,9393.0,39.0,74.0,136.0,42.0,10188.0,5047.0,12485.0,14150.0,12321.0,12492.0,10495.0,11889.0,9192.0,9614.0,5680.0,6241.0,4264.0,4568.0,3937.0,4397.0,6033.0,450.0,53105.0,56585.0,22769.0,24257.0,29505.0,27519.0,33082.0,32833.0,32189.0,33350.0,20950.0,23137.0,14894.0,16571.0,12635.0,12606.0,8490.0,9761.0,4984.0,5416.0,4478.0,5081.0,2568.0,2612.0,16203.0,16234.0,32921.0,32799.0,26023.0,26307.0,21549.0,22432.0,15664.0,16828.0,9885.0,11109.0,6537.0,6985.0,4626.0,4784.0,4107.0,4293.0,3843.0,4362.0,5.0,254.0,1252.0,2322.0,2421.0,3381.0,2323.0,3086.0,1379.0,1706.0,1037.0,1194.0,640.0,735.0,276.0,302.0,204.0,218.0,151.0,180.0,55.0,54.0,320.0,365.0,523.0,591.0,550.0,641.0,502.0,539.0,317.0,370.0,160.0,190.0,129.0,135.0,96.0,120.0,265.0,64.0,28.0,16.0,73.0,51.0,207.0,147.0,520.0,435.0,549.0,553.0,594.0,538.0,645.0,626.0,757.0,734.0,1575.0,1366.0,2173.0,2027.0,3595.0,3308.0,23338.0,22653.0
Kilis-79,9383.0,9354.0,219.0,157.0,404.0,329.0,323.0,305.0,403.0,371.0,195.0,232.0,170.0,165.0,133.0,139.0,228.0,218.0,403.0,376.0,414.0,429.0,649.0,594.0,2453.0,2437.0,10225.0,10440.0,1902.0,3688.0,99.0,167.0,23.0,48.0,194.0,122.0,1683.0,1498.0,2355.0,2279.0,2084.0,2114.0,1974.0,2068.0,2416.0,2311.0,1843.0,2064.0,1944.0,1896.0,3494.0,3702.0,12.0,,7188.0,5669.0,546.0,1146.0,10.0,18.0,33.0,10.0,829.0,458.0,1279.0,1387.0,1151.0,1253.0,1051.0,1183.0,1018.0,1049.0,531.0,689.0,355.0,389.0,425.0,467.0,658.0,115.0,6371.0,6254.0,2450.0,2529.0,2095.0,2207.0,1708.0,1884.0,1710.0,1801.0,1084.0,1221.0,833.0,931.0,870.0,845.0,570.0,689.0,310.0,330.0,271.0,295.0,355.0,372.0,1603.0,1688.0,2872.0,3186.0,1736.0,1929.0,1115.0,1206.0,906.0,957.0,545.0,626.0,314.0,337.0,220.0,222.0,207.0,213.0,297.0,326.0,1.0,27.0,73.0,143.0,114.0,200.0,125.0,173.0,77.0,83.0,45.0,59.0,29.0,31.0,9.0,11.0,4.0,3.0,9.0,11.0,4.0,7.0,18.0,53.0,37.0,48.0,35.0,35.0,22.0,32.0,21.0,22.0,4.0,13.0,4.0,5.0,7.0,7.0,25.0,4.0,3.0,,22.0,21.0,36.0,29.0,76.0,69.0,89.0,78.0,103.0,103.0,93.0,86.0,131.0,114.0,258.0,232.0,298.0,269.0,528.0,459.0,3502.0,3358.0
Kırıkkale-71,13565.0,13017.0,184.0,167.0,286.0,249.0,256.0,204.0,313.0,257.0,158.0,154.0,115.0,115.0,112.0,95.0,159.0,147.0,386.0,344.0,669.0,612.0,1124.0,1006.0,4968.0,4923.0,15078.0,14964.0,1509.0,4762.0,50.0,57.0,22.0,29.0,190.0,92.0,1912.0,1541.0,2515.0,2367.0,3335.0,3026.0,4288.0,4160.0,6300.0,5813.0,6822.0,6809.0,7289.0,7119.0,13715.0,14396.0,6.0,,13463.0,11337.0,639.0,1561.0,7.0,24.0,32.0,6.0,1827.0,864.0,2852.0,2932.0,2924.0,2834.0,3387.0,3408.0,3391.0,3517.0,1963.0,2161.0,1617.0,1666.0,1787.0,1992.0,2117.0,105.0,17394.0,17444.0,6270.0,6310.0,6414.0,6123.0,6703.0,6745.0,6847.0,6762.0,5365.0,5659.0,4500.0,4751.0,4275.0,4185.0,3058.0,3460.0,1897.0,2003.0,1419.0,1638.0,788.0,734.0,3691.0,3614.0,6751.0,6845.0,4945.0,5155.0,3782.0,3901.0,3040.0,3214.0,2317.0,2534.0,1731.0,1793.0,1176.0,1188.0,928.0,1032.0,592.0,698.0,2.0,59.0,166.0,492.0,335.0,570.0,400.0,557.0,304.0,378.0,233.0,252.0,155.0,173.0,63.0,69.0,52.0,45.0,23.0,27.0,10.0,12.0,38.0,70.0,76.0,114.0,97.0,128.0,83.0,91.0,32.0,45.0,15.0,24.0,12.0,16.0,14.0,14.0,55.0,10.0,2.0,,10.0,3.0,32.0,24.0,99.0,81.0,91.0,86.0,89.0,88.0,98.0,87.0,99.0,100.0,204.0,172.0,375.0,324.0,757.0,654.0,7364.0,7028.0
Kırklareli-39,14023.0,13820.0,174.0,160.0,523.0,434.0,369.0,329.0,558.0,465.0,295.0,296.0,231.0,239.0,233.0,222.0,257.0,267.0,377.0,375.0,497.0,491.0,781.0,733.0,4983.0,4786.0,15230.0,15105.0,1583.0,4964.0,108.0,143.0,32.0,68.0,253.0,147.0,2794.0,2210.0,4532.0,4216.0,5682.0,5421.0,6817.0,6575.0,9988.0,9058.0,12913.0,12774.0,13914.0,13828.0,27763.0,29238.0,8.0,1.0,14193.0,10707.0,1002.0,1661.0,5.0,17.0,38.0,6.0,2309.0,1205.0,3310.0,3598.0,3494.0,3447.0,3671.0,3806.0,3039.0,3196.0,2205.0,2382.0,1657.0,1825.0,1972.0,2182.0,623.0,67.0,16443.0,16167.0,6191.0,6418.0,8270.0,7925.0,8609.0,8447.0,9545.0,9687.0,7181.0,7788.0,6038.0,6338.0,5181.0,5277.0,4111.0,4572.0,2184.0,2470.0,1892.0,2172.0,1061.0,1181.0,5024.0,5233.0,9216.0,10339.0,6917.0,7165.0,5158.0,5297.0,3632.0,3942.0,2628.0,2794.0,1945.0,2078.0,1824.0,1800.0,1559.0,1665.0,1746.0,1949.0,2.0,66.0,315.0,556.0,533.0,764.0,487.0,664.0,274.0,341.0,238.0,243.0,149.0,185.0,89.0,109.0,58.0,66.0,66.0,72.0,7.0,13.0,67.0,116.0,111.0,170.0,72.0,105.0,49.0,57.0,41.0,54.0,21.0,29.0,26.0,28.0,15.0,18.0,101.0,21.0,2.0,,28.0,19.0,63.0,48.0,184.0,150.0,194.0,171.0,209.0,208.0,216.0,204.0,280.0,260.0,352.0,325.0,402.0,375.0,519.0,486.0,4728.0,4448.0
Kırşehir-40,11610.0,11112.0,305.0,274.0,362.0,329.0,263.0,238.0,284.0,289.0,167.0,166.0,146.0,149.0,142.0,130.0,175.0,171.0,332.0,311.0,601.0,539.0,1084.0,985.0,5015.0,4963.0,12187.0,12410.0,1138.0,3708.0,31.0,44.0,13.0,24.0,168.0,50.0,1964.0,1582.0,2976.0,2655.0,3732.0,3569.0,4538.0,4395.0,6617.0,6168.0,6972.0,7127.0,6756.0,6765.0,11346.0,11971.0,6.0,,11340.0,9172.0,630.0,1254.0,2.0,13.0,27.0,5.0,1767.0,858.0,2276.0,2376.0,2421.0,2431.0,2368.0,2473.0,2178.0,2242.0,1257.0,1369.0,886.0,923.0,811.0,933.0,1438.0,78.0,12324.0,11841.0,4422.0,4637.0,4684.0,4590.0,4801.0,4845.0,4985.0,5060.0,3586.0,3879.0,2948.0,3054.0,3001.0,2942.0,1894.0,2238.0,1039.0,1133.0,744.0,856.0,568.0,605.0,3346.0,3328.0,6107.0,6136.0,4074.0,4129.0,3265.0,3359.0,2522.0,2600.0,1888.0,2047.0,1296.0,1381.0,938.0,960.0,885.0,920.0,692.0,788.0,,41.0,181.0,367.0,353.0,484.0,375.0,481.0,212.0,270.0,148.0,156.0,55.0,80.0,42.0,38.0,32.0,30.0,14.0,17.0,6.0,19.0,80.0,140.0,129.0,192.0,73.0,113.0,53.0,64.0,38.0,56.0,15.0,16.0,8.0,20.0,6.0,7.0,75.0,8.0,,,12.0,6.0,36.0,28.0,111.0,89.0,106.0,104.0,143.0,130.0,122.0,123.0,102.0,114.0,196.0,152.0,339.0,313.0,712.0,649.0,5987.0,5694.0
Kocaeli-41,109945.0,110733.0,879.0,832.0,2008.0,1587.0,2295.0,1875.0,3985.0,3474.0,1710.0,1837.0,1403.0,1448.0,1410.0,1305.0,1648.0,1664.0,3148.0,2744.0,3859.0,3896.0,5455.0,5170.0,16778.0,17293.0,113301.0,116617.0,10400.0,33976.0,575.0,656.0,264.0,490.0,2331.0,1570.0,23231.0,19611.0,31265.0,29678.0,32554.0,31969.0,30523.0,31824.0,38561.0,36292.0,36188.0,37639.0,34842.0,35051.0,55498.0,59328.0,89.0,,96037.0,75516.0,6532.0,12204.0,57.0,116.0,208.0,78.0,15994.0,8034.0,20832.0,23482.0,18921.0,20013.0,16175.0,18078.0,13966.0,15029.0,8749.0,9771.0,6332.0,7009.0,7171.0,7926.0,4152.0,434.0,66936.0,68975.0,31138.0,32199.0,43425.0,42378.0,49849.0,49391.0,53574.0,55157.0,37919.0,41614.0,25655.0,28778.0,21591.0,22024.0,14688.0,16549.0,9057.0,9970.0,9099.0,10227.0,4881.0,5224.0,24079.0,24700.0,55553.0,57439.0,44699.0,46949.0,32802.0,34612.0,20554.0,22819.0,12595.0,14043.0,8294.0,9001.0,5940.0,6131.0,5077.0,5504.0,5508.0,6117.0,7.0,237.0,1723.0,2886.0,3490.0,4888.0,3545.0,4666.0,2285.0,2769.0,1514.0,1762.0,869.0,1001.0,420.0,496.0,321.0,319.0,342.0,396.0,61.0,48.0,361.0,379.0,689.0,770.0,625.0,731.0,545.0,672.0,383.0,438.0,169.0,207.0,89.0,111.0,140.0,156.0,446.0,148.0,38.0,16.0,174.0,129.0,395.0,290.0,1092.0,886.0,953.0,904.0,919.0,929.0,988.0,900.0,1104.0,1086.0,2236.0,1921.0,2955.0,2921.0,4941.0,4495.0,23696.0,23405.0
Konya-42,134906.0,132663.0,2083.0,1819.0,3000.0,2571.0,3011.0,2380.0,4501.0,3992.0,1624.0,1672.0,1290.0,1295.0,1369.0,1225.0,1886.0,1814.0,3519.0,3002.0,4580.0,4536.0,7866.0,7040.0,37893.0,37373.0,146753.0,147129.0,28412.0,53867.0,571.0,647.0,278.0,381.0,3185.0,970.0,45167.0,37064.0,52581.0,50177.0,53086.0,52087.0,54668.0,55003.0,63860.0,60304.0,56968.0,60276.0,56237.0,55231.0,95982.0,101576.0,104.0,,109836.0,86335.0,7351.0,13026.0,32.0,89.0,202.0,41.0,14786.0,7404.0,17699.0,19478.0,15783.0,16337.0,14312.0,15616.0,12738.0,13279.0,7694.0,8854.0,5468.0,5796.0,5956.0,6578.0,7872.0,870.0,94590.0,96191.0,33211.0,35726.0,33541.0,32141.0,35597.0,36157.0,35237.0,36139.0,23615.0,26156.0,17408.0,19124.0,15911.0,15709.0,11077.0,12892.0,6781.0,7336.0,6033.0,6856.0,5026.0,5479.0,26979.0,26978.0,47815.0,48952.0,34461.0,34948.0,27545.0,28065.0,20179.0,21332.0,14010.0,15288.0,10275.0,10692.0,6789.0,7322.0,5861.0,5965.0,5883.0,6672.0,12.0,519.0,1852.0,3775.0,3471.0,5172.0,3652.0,4637.0,2366.0,2894.0,1635.0,1937.0,912.0,1033.0,547.0,583.0,387.0,411.0,321.0,369.0,65.0,88.0,446.0,548.0,914.0,1085.0,944.0,1134.0,887.0,981.0,643.0,749.0,323.0,395.0,215.0,246.0,248.0,279.0,643.0,167.0,25.0,11.0,72.0,61.0,391.0,227.0,969.0,825.0,997.0,942.0,953.0,932.0,907.0,810.0,1147.0,1122.0,2248.0,1876.0,3087.0,2989.0,5494.0,4817.0,31153.0,30227.0
Kütahya-43,25884.0,25582.0,187.0,181.0,321.0,242.0,267.0,221.0,448.0,379.0,213.0,198.0,197.0,174.0,233.0,224.0,358.0,312.0,986.0,788.0,1921.0,1786.0,3773.0,3262.0,20102.0,19646.0,29514.0,29014.0,3051.0,9204.0,37.0,41.0,18.0,22.0,363.0,83.0,7791.0,6177.0,10009.0,9217.0,11589.0,11023.0,14221.0,13870.0,20505.0,18658.0,21746.0,22682.0,21183.0,20753.0,33871.0,35848.0,12.0,,23785.0,19628.0,1172.0,2786.0,4.0,7.0,31.0,5.0,4070.0,2081.0,6033.0,6401.0,5604.0,5683.0,4921.0,5450.0,4054.0,4304.0,2570.0,2859.0,2083.0,2205.0,1505.0,1752.0,3281.0,116.0,27556.0,26117.0,10807.0,10400.0,12013.0,11456.0,12151.0,12336.0,11687.0,11778.0,8354.0,9238.0,5937.0,6373.0,5280.0,5315.0,3651.0,4237.0,1897.0,2044.0,1731.0,1973.0,1590.0,1606.0,8943.0,8319.0,14657.0,15441.0,9070.0,9257.0,6793.0,6871.0,4813.0,5143.0,3128.0,3372.0,2403.0,2452.0,1838.0,1856.0,1603.0,1695.0,1255.0,1460.0,3.0,81.0,530.0,830.0,803.0,1258.0,818.0,1065.0,514.0,595.0,315.0,326.0,193.0,209.0,98.0,107.0,77.0,69.0,64.0,75.0,25.0,38.0,120.0,132.0,242.0,314.0,186.0,245.0,173.0,207.0,88.0,109.0,37.0,53.0,23.0,28.0,27.0,30.0,140.0,33.0,8.0,5.0,19.0,15.0,55.0,35.0,172.0,144.0,206.0,194.0,173.0,176.0,167.0,157.0,204.0,198.0,355.0,311.0,565.0,525.0,1024.0,905.0,9405.0,8844.0
Malatya-44,47817.0,47474.0,463.0,364.0,1030.0,852.0,964.0,845.0,1512.0,1319.0,825.0,837.0,923.0,886.0,1058.0,966.0,1318.0,1339.0,2183.0,1943.0,2178.0,2262.0,3313.0,3119.0,11757.0,11752.0,53144.0,53037.0,4776.0,15922.0,268.0,262.0,154.0,193.0,1188.0,461.0,9421.0,8090.0,12957.0,12367.0,14030.0,13584.0,12600.0,13422.0,15911.0,14871.0,13093.0,13969.0,14528.0,14210.0,23250.0,24576.0,71.0,,44856.0,35453.0,3282.0,5936.0,21.0,80.0,112.0,35.0,5522.0,2728.0,7502.0,7829.0,7824.0,7833.0,7315.0,7865.0,6748.0,6892.0,3698.0,4203.0,2907.0,3047.0,3007.0,3316.0,3998.0,482.0,35458.0,36172.0,15330.0,15842.0,15174.0,14433.0,16816.0,16682.0,17540.0,17692.0,12520.0,13687.0,8732.0,9496.0,8809.0,8487.0,5953.0,6956.0,3446.0,3662.0,2844.0,3237.0,1536.0,1567.0,10120.0,10242.0,21103.0,20960.0,15916.0,16103.0,13107.0,13278.0,9094.0,9576.0,5892.0,6495.0,4133.0,4267.0,2887.0,2971.0,2578.0,2724.0,1980.0,2252.0,2.0,126.0,464.0,1190.0,1114.0,1713.0,1254.0,1886.0,826.0,1062.0,499.0,645.0,268.0,317.0,144.0,166.0,89.0,95.0,75.0,83.0,48.0,46.0,175.0,212.0,290.0,343.0,321.0,365.0,273.0,329.0,206.0,214.0,104.0,121.0,51.0,63.0,24.0,35.0,195.0,45.0,20.0,7.0,78.0,59.0,132.0,92.0,512.0,429.0,632.0,557.0,803.0,749.0,918.0,855.0,1251.0,1201.0,2158.0,1847.0,2755.0,2670.0,4948.0,4425.0,28986.0,28348.0
Manisa-45,73148.0,72407.0,732.0,549.0,1944.0,1662.0,1999.0,1729.0,3165.0,2886.0,1709.0,1688.0,1604.0,1573.0,1609.0,1549.0,1873.0,1840.0,3179.0,2874.0,4346.0,4098.0,7231.0,6560.0,32912.0,32443.0,79479.0,80249.0,10523.0,26189.0,385.0,534.0,188.0,288.0,1903.0,745.0,24834.0,20275.0,34468.0,32235.0,37874.0,36880.0,40754.0,40431.0,50194.0,47079.0,49672.0,51557.0,47777.0,47333.0,78146.0,83109.0,53.0,,64190.0,50633.0,4281.0,8126.0,27.0,48.0,156.0,39.0,10540.0,5243.0,13128.0,14559.0,12433.0,12741.0,11240.0,12139.0,9012.0,9640.0,5436.0,6062.0,3563.0,3916.0,3937.0,4310.0,4926.0,295.0,47686.0,48219.0,19620.0,20501.0,26239.0,25446.0,26731.0,27442.0,25787.0,26967.0,17752.0,19682.0,13671.0,14651.0,12399.0,12498.0,8564.0,10001.0,4499.0,4980.0,4130.0,4725.0,3515.0,4006.0,16377.0,16603.0,29827.0,31482.0,22319.0,23447.0,17020.0,17903.0,11751.0,12761.0,8312.0,8936.0,6460.0,6715.0,5093.0,5217.0,4390.0,4624.0,3634.0,4154.0,5.0,196.0,700.0,1360.0,1304.0,1985.0,1488.0,2026.0,861.0,1062.0,641.0,721.0,461.0,531.0,277.0,304.0,190.0,204.0,137.0,171.0,17.0,25.0,122.0,176.0,262.0,295.0,280.0,332.0,272.0,319.0,204.0,234.0,103.0,141.0,57.0,63.0,56.0,69.0,357.0,71.0,3.0,1.0,43.0,24.0,267.0,156.0,774.0,647.0,806.0,761.0,850.0,822.0,835.0,806.0,1000.0,965.0,1597.0,1413.0,2038.0,1950.0,3238.0,2973.0,21007.0,20112.0
Mardin-47,69228,68709,2950,2128,6408,5271,5918,5159,8211,7970,4716,5170,4445,4605,4019,4031,3142,3541,3164,3159,2250,2485,2358,2331,5556,5775,75163,75855,18731,30504,1143,1506,454,684,2248,1719,12260,11527,15982,15633,13856,13802,9647,10880,8996,8922,5613,6135,4801,5005,7449,7958,294,6,50556,38542,5283,8733,53,137,180,92,4116,2121,5639,5924,4548,4743,3405,3838,2587,2694,1304,1503,857,911,906,1008,2143,876,23343,25151,10705,11238,13021,12976,10903,11613,9611,9931,5985,6544,3884,4336,3597,3553,1940,2301,987,1094,997,1125,1637,1742,7963,8361,16777,17749,9781,10630,5758,5981,2960,3242,1698,1936,1193,1245,763,802,594,648,337,391,2,92,242,767,618,1105,534,843,233,318,119,155,84,90,44,53,23,23,24,27,3,14,35,72,86,109,71,92,39,49,24,28,12,17,13,14,6,7,78,36,110,50,533,362,1384,957,3565,2975,3735,3507,4652,4276,4526,4169,4243,4328,5183,4785,4513,4565,5795,5444,24243,24308
Mersin-33,107818,106988,1608,1282,4137,3176,4778,4003,7983,7017,5094,5206,4536,4522,3864,3793,4111,4112,5532,5112,5676,5681,7842,7317,33421,33158,115425,115621,17232,40265,935,1134,502,695,2895,1859,25472,21438,36260,34401,39825,38607,38993,39897,46223,44168,40218,41852,38991,38849,63766,67719,158,1,92529,71720,8055,13365,116,197,248,113,11443,5776,15574,16311,15804,15879,14456,15646,12666,13151,7622,8501,6139,6437,7100,7773,6446,616,57763,58849,25746,26428,32819,30996,35643,35973,36631,37235,27566,29617,21494,23177,21752,21399,15484,17482,10015,10828,9824,11004,4158,4560,20012,20504,39806,40538,31407,32603,26356,27369,19934,21348,13801,14995,11110,11548,8296,8428,7894,8275,8596,9587,5,255,826,1904,1690,2807,2250,3125,1595,1956,1213,1427,871,984,428,480,326,343,425,468,16,43,110,191,328,403,428,541,508,593,319,386,162,218,65,75,144,161,815,255,16,8,122,72,625,407,1757,1446,1666,1549,1645,1640,1438,1359,1621,1582,2580,2288,2843,2852,4118,3761,19385,19113
Muğla-48,45201.0,44890.0,326.0,344.0,601.0,491.0,695.0,591.0,1265.0,1167.0,679.0,721.0,556.0,549.0,535.0,521.0,632.0,598.0,1019.0,930.0,1481.0,1404.0,2047.0,1899.0,12806.0,12569.0,46879.0,47431.0,5076.0,14768.0,154.0,168.0,82.0,112.0,877.0,407.0,12838.0,10265.0,18957.0,17493.0,21736.0,20780.0,22652.0,22746.0,27859.0,26250.0,26201.0,27167.0,25555.0,25434.0,55220.0,57870.0,35.0,1.0,38914.0,30388.0,2895.0,4653.0,8.0,28.0,97.0,34.0,6937.0,3461.0,8736.0,9836.0,8559.0,8648.0,7768.0,8590.0,6216.0,6745.0,3852.0,4364.0,2964.0,3211.0,4148.0,4512.0,2197.0,168.0,30468.0,31300.0,13417.0,14200.0,17115.0,16800.0,19533.0,19547.0,21638.0,21945.0,16715.0,18348.0,13099.0,14340.0,12350.0,12613.0,9682.0,10787.0,6145.0,6773.0,7558.0,8374.0,1971.0,2274.0,10227.0,10689.0,21388.0,21849.0,19044.0,19673.0,16305.0,17181.0,13252.0,14407.0,9734.0,10690.0,8376.0,8909.0,7052.0,7433.0,6222.0,6801.0,8533.0,9216.0,1.0,125.0,596.0,1036.0,1160.0,1748.0,1450.0,1940.0,1028.0,1277.0,899.0,1039.0,699.0,778.0,493.0,565.0,385.0,428.0,616.0,684.0,10.0,26.0,124.0,183.0,306.0,416.0,323.0,389.0,302.0,390.0,246.0,303.0,168.0,194.0,115.0,135.0,289.0,273.0,331.0,107.0,,1.0,38.0,17.0,103.0,67.0,401.0,330.0,384.0,398.0,368.0,370.0,347.0,333.0,459.0,417.0,641.0,596.0,866.0,826.0,1221.0,1154.0,10003.0,9527.0
Muş-49,38109.0,36938.0,3043.0,1972.0,6302.0,5257.0,4684.0,4196.0,6314.0,6013.0,3070.0,3305.0,2919.0,2954.0,2302.0,2299.0,1780.0,1954.0,2144.0,2003.0,1572.0,1706.0,1819.0,1806.0,3203.0,3323.0,39200.0,38227.0,13498.0,19922.0,885.0,1433.0,245.0,393.0,1145.0,871.0,5777.0,5110.0,7265.0,7269.0,5921.0,5880.0,4335.0,4777.0,4872.0,4483.0,3102.0,3518.0,3190.0,3209.0,3549.0,3811.0,224.0,7.0,23404.0,17370.0,3680.0,5869.0,30.0,128.0,101.0,54.0,1917.0,981.0,2723.0,2875.0,1998.0,2107.0,1443.0,1618.0,1242.0,1218.0,674.0,800.0,488.0,487.0,357.0,384.0,1127.0,420.0,10877.0,10708.0,5691.0,5674.0,5408.0,5546.0,4336.0,4356.0,4014.0,4120.0,2625.0,2754.0,1483.0,1666.0,1548.0,1500.0,808.0,950.0,497.0,539.0,345.0,390.0,639.0,639.0,3635.0,3770.0,7653.0,8452.0,4062.0,4164.0,2339.0,2477.0,1242.0,1304.0,772.0,829.0,582.0,577.0,281.0,340.0,192.0,206.0,99.0,120.0,,43.0,173.0,388.0,257.0,509.0,230.0,324.0,91.0,97.0,39.0,61.0,30.0,26.0,14.0,16.0,11.0,9.0,4.0,5.0,7.0,24.0,46.0,81.0,52.0,107.0,34.0,52.0,23.0,33.0,21.0,23.0,5.0,10.0,9.0,8.0,6.0,8.0,41.0,14.0,17.0,10.0,107.0,53.0,882.0,521.0,2381.0,1963.0,2162.0,1929.0,2196.0,2061.0,1898.0,1780.0,1747.0,1736.0,2447.0,2109.0,2134.0,2239.0,3334.0,3009.0,9797.0,9738.0
Nevşehir-50,15987.0,15459.0,205.0,189.0,380.0,293.0,292.0,273.0,328.0,311.0,132.0,146.0,79.0,76.0,127.0,111.0,181.0,178.0,427.0,340.0,637.0,622.0,1146.0,1023.0,5076.0,5031.0,17909.0,17845.0,2373.0,5735.0,48.0,69.0,26.0,47.0,368.0,78.0,3980.0,3318.0,5091.0,4674.0,5483.0,5262.0,6487.0,6353.0,8554.0,7961.0,8364.0,8714.0,8397.0,8175.0,17052.0,17732.0,11.0,,14560.0,11570.0,785.0,1486.0,6.0,8.0,37.0,6.0,2333.0,1196.0,2988.0,3215.0,2955.0,2956.0,2806.0,2927.0,2312.0,2439.0,1467.0,1596.0,1003.0,1102.0,1008.0,1118.0,1254.0,125.0,12639.0,13158.0,4413.0,4663.0,5083.0,4846.0,5871.0,5808.0,6111.0,6198.0,4402.0,4792.0,3128.0,3437.0,2934.0,2936.0,1949.0,2314.0,1084.0,1190.0,883.0,1018.0,705.0,841.0,3188.0,3387.0,5999.0,6114.0,4776.0,4873.0,3634.0,3639.0,2778.0,2834.0,1938.0,2017.0,1201.0,1264.0,822.0,809.0,732.0,757.0,735.0,805.0,,62.0,179.0,358.0,393.0,537.0,391.0,489.0,225.0,241.0,145.0,168.0,96.0,104.0,40.0,44.0,22.0,27.0,29.0,34.0,13.0,20.0,77.0,147.0,147.0,178.0,86.0,131.0,52.0,64.0,28.0,42.0,17.0,21.0,12.0,17.0,15.0,13.0,109.0,26.0,14.0,6.0,13.0,17.0,42.0,26.0,103.0,95.0,141.0,134.0,139.0,132.0,141.0,124.0,133.0,127.0,321.0,271.0,458.0,431.0,784.0,697.0,6247.0,5891.0
Niğde-51,21920.0,21375.0,254.0,205.0,619.0,473.0,750.0,587.0,761.0,649.0,286.0,286.0,283.0,283.0,370.0,332.0,484.0,476.0,792.0,698.0,850.0,870.0,1158.0,1075.0,5431.0,5325.0,24613.0,24248.0,4705.0,9204.0,133.0,144.0,34.0,119.0,737.0,244.0,6246.0,5371.0,7752.0,7391.0,7887.0,7674.0,7769.0,8158.0,9482.0,8904.0,8166.0,8652.0,8109.0,7783.0,15381.0,16115.0,26.0,1.0,18118.0,14445.0,1196.0,2549.0,6.0,11.0,59.0,14.0,2700.0,1364.0,3276.0,3542.0,3073.0,3068.0,2822.0,3143.0,2641.0,2724.0,1439.0,1690.0,1013.0,1062.0,1044.0,1146.0,1914.0,210.0,16422.0,16865.0,5474.0,6072.0,5484.0,5531.0,5269.0,5431.0,5563.0,5582.0,4004.0,4330.0,3053.0,3317.0,2860.0,2881.0,2051.0,2315.0,1154.0,1242.0,1066.0,1206.0,855.0,777.0,3865.0,3903.0,6762.0,6514.0,4759.0,4782.0,4006.0,3997.0,2937.0,3123.0,1959.0,2146.0,1336.0,1354.0,1011.0,1023.0,1022.0,1025.0,1172.0,1298.0,,43.0,196.0,357.0,427.0,584.0,514.0,628.0,333.0,376.0,199.0,221.0,113.0,100.0,55.0,58.0,47.0,55.0,36.0,44.0,12.0,10.0,65.0,105.0,141.0,182.0,138.0,176.0,121.0,166.0,64.0,104.0,30.0,35.0,15.0,20.0,19.0,19.0,114.0,40.0,5.0,3.0,13.0,9.0,58.0,37.0,185.0,162.0,220.0,214.0,245.0,228.0,234.0,227.0,319.0,308.0,575.0,525.0,705.0,672.0,1106.0,992.0,8104.0,7796.0
Ordu-52,38194.0,36404.0,383.0,358.0,586.0,452.0,718.0,511.0,1201.0,1052.0,680.0,613.0,746.0,686.0,890.0,787.0,1243.0,1185.0,3284.0,2762.0,4250.0,4094.0,7848.0,7271.0,28524.0,28543.0,42235.0,41107.0,4094.0,12734.0,80.0,82.0,39.0,69.0,724.0,255.0,10292.0,8053.0,15138.0,13555.0,16917.0,15539.0,16285.0,16652.0,23838.0,21864.0,20442.0,21052.0,19666.0,19645.0,28699.0,30267.0,32.0,,41150.0,31377.0,2233.0,3852.0,7.0,23.0,71.0,19.0,5198.0,2590.0,7662.0,8068.0,7645.0,7468.0,6741.0,7265.0,6636.0,6928.0,3526.0,3865.0,2656.0,2894.0,2630.0,2812.0,2548.0,178.0,26392.0,26672.0,10414.0,10621.0,14137.0,13280.0,13950.0,14258.0,14955.0,14774.0,11440.0,12149.0,8458.0,9151.0,9016.0,8921.0,5563.0,6361.0,3356.0,3649.0,2900.0,3252.0,2381.0,2348.0,9503.0,9618.0,14909.0,15308.0,10110.0,10342.0,8248.0,8348.0,6421.0,6676.0,4452.0,4903.0,3463.0,3648.0,2693.0,2733.0,2211.0,2432.0,2386.0,2583.0,3.0,108.0,345.0,771.0,657.0,1080.0,628.0,916.0,476.0,565.0,348.0,421.0,269.0,301.0,138.0,152.0,86.0,101.0,74.0,79.0,9.0,22.0,77.0,119.0,187.0,235.0,149.0,199.0,161.0,191.0,98.0,117.0,39.0,49.0,26.0,30.0,31.0,38.0,106.0,17.0,6.0,3.0,9.0,6.0,108.0,61.0,401.0,291.0,452.0,438.0,616.0,543.0,681.0,611.0,786.0,796.0,2074.0,1672.0,2897.0,2792.0,5715.0,5171.0,31213.0,30093.0
Osmaniye-80,38673.0,37082.0,639.0,545.0,1082.0,915.0,1082.0,877.0,1271.0,1170.0,705.0,717.0,559.0,552.0,554.0,501.0,605.0,617.0,1036.0,945.0,1071.0,1124.0,1696.0,1639.0,4606.0,4751.0,38061.0,38515.0,5900.0,13943.0,281.0,333.0,126.0,158.0,678.0,377.0,6431.0,5404.0,8715.0,8248.0,9212.0,8893.0,9300.0,9711.0,10882.0,10403.0,9312.0,9850.0,9735.0,9479.0,13837.0,15020.0,33.0,2.0,29590.0,23352.0,2818.0,5507.0,30.0,56.0,78.0,37.0,4146.0,2043.0,5522.0,6017.0,5341.0,5304.0,4902.0,5298.0,4022.0,4267.0,2192.0,2551.0,1795.0,1820.0,1574.0,1799.0,3280.0,225.0,19706.0,19115.0,8050.0,8181.0,9914.0,9397.0,11253.0,11253.0,11985.0,12055.0,8765.0,9602.0,6194.0,6883.0,5981.0,5948.0,3858.0,4490.0,2399.0,2528.0,1540.0,1866.0,1506.0,1484.0,7111.0,6957.0,11914.0,12327.0,8427.0,8786.0,7067.0,7391.0,5038.0,5388.0,3327.0,3813.0,2457.0,2516.0,1672.0,1739.0,1583.0,1679.0,1601.0,1802.0,,82.0,149.0,544.0,374.0,667.0,608.0,832.0,389.0,525.0,225.0,280.0,158.0,167.0,83.0,101.0,51.0,56.0,46.0,53.0,4.0,10.0,41.0,58.0,78.0,85.0,79.0,103.0,71.0,81.0,41.0,54.0,22.0,26.0,6.0,13.0,21.0,17.0,374.0,112.0,15.0,9.0,111.0,70.0,236.0,165.0,570.0,496.0,692.0,611.0,653.0,671.0,670.0,615.0,832.0,794.0,1409.0,1273.0,1875.0,1782.0,3176.0,2886.0,14224.0,14024.0
Rize-53,15845.0,15613.0,100.0,96.0,163.0,137.0,131.0,110.0,224.0,181.0,164.0,141.0,185.0,193.0,235.0,201.0,423.0,365.0,1035.0,880.0,1452.0,1406.0,2157.0,2022.0,9235.0,8995.0,18234.0,17833.0,1296.0,5280.0,51.0,43.0,20.0,21.0,170.0,47.0,2383.0,1902.0,3958.0,3474.0,5170.0,4694.0,6557.0,6367.0,8245.0,7747.0,8739.0,8728.0,9214.0,9111.0,17924.0,18314.0,16.0,,17435.0,13340.0,1285.0,2041.0,4.0,8.0,38.0,6.0,2198.0,1054.0,3362.0,3450.0,3788.0,3696.0,3790.0,4096.0,3446.0,3565.0,1947.0,2232.0,1180.0,1344.0,1150.0,1268.0,854.0,127.0,15812.0,15686.0,6653.0,6687.0,7189.0,6956.0,7393.0,7474.0,7602.0,7590.0,5943.0,6375.0,5212.0,5668.0,4781.0,4878.0,3049.0,3531.0,1270.0,1507.0,1048.0,1185.0,740.0,732.0,4677.0,4829.0,9309.0,9559.0,6780.0,7075.0,4918.0,5038.0,3203.0,3363.0,2194.0,2394.0,1444.0,1500.0,1213.0,1220.0,1062.0,1134.0,872.0,929.0,,50.0,294.0,587.0,543.0,784.0,478.0,614.0,280.0,327.0,203.0,249.0,126.0,139.0,63.0,60.0,64.0,74.0,52.0,53.0,10.0,17.0,127.0,161.0,118.0,187.0,111.0,154.0,70.0,105.0,46.0,56.0,35.0,43.0,13.0,18.0,20.0,18.0,83.0,11.0,1.0,,5.0,6.0,27.0,21.0,116.0,90.0,156.0,152.0,182.0,184.0,184.0,151.0,230.0,234.0,479.0,371.0,778.0,760.0,1283.0,1185.0,8304.0,7949.0
Sakarya-54,52901,52515,702,625,922,783,964,754,1408,1237,708,687,548,534,589,568,683,687,1417,1245,2004,1934,3054,2801,12257,12222,58528,58726,6119,18466,264,327,109,164,947,443,12214,9722,18140,16693,20257,19504,21131,21228,27169,25351,26972,27803,26522,26369,44930,47449,46,1,50604,40586,3014,5514,21,45,73,24,6817,3381,10049,11160,9715,10073,8446,9455,7039,7486,4897,5259,3302,3662,3437,3774,3248,271,43315,44114,18001,18496,22657,21965,22567,22931,23655,24747,16786,18517,12035,13844,9735,10117,6918,7794,4242,4736,3595,4147,2418,2418,11457,11689,23228,24379,16993,17912,12975,13416,8942,9803,5526,6180,4097,4230,2836,3038,2654,2787,2670,2985,4,144,838,1443,1465,2197,1580,2035,983,1211,633,736,400,441,222,238,142,158,122,144,43,28,250,265,442,505,336,423,360,406,247,302,124,171,82,86,70,84,201,70,30,13,79,62,180,132,452,362,551,495,555,548,556,506,572,566,1141,959,1738,1652,2817,2587,17627,16955
Samsun-55,67454.0,66210.0,552.0,476.0,1062.0,785.0,1230.0,990.0,2276.0,1872.0,1445.0,1355.0,1402.0,1285.0,1494.0,1315.0,2238.0,2153.0,5116.0,4349.0,6608.0,6474.0,12294.0,11130.0,45962.0,45696.0,76943.0,76289.0,9642.0,25327.0,232.0,277.0,101.0,133.0,1529.0,533.0,18428.0,15251.0,27395.0,25339.0,28544.0,27646.0,29000.0,30015.0,41918.0,38898.0,34958.0,37543.0,34331.0,33980.0,53914.0,57047.0,57.0,,68628.0,54426.0,3974.0,7225.0,18.0,56.0,155.0,31.0,8264.0,4105.0,11304.0,12309.0,10636.0,10917.0,9327.0,10236.0,8989.0,9325.0,5424.0,6167.0,4109.0,4389.0,4607.0,5032.0,5081.0,496.0,49666.0,50557.0,19383.0,19998.0,23756.0,22579.0,23416.0,23949.0,25328.0,25697.0,18742.0,20569.0,13825.0,15239.0,13583.0,13594.0,9641.0,11038.0,5756.0,6304.0,4940.0,5678.0,3671.0,3818.0,17180.0,17604.0,29714.0,30831.0,21716.0,22575.0,19157.0,19416.0,14495.0,15298.0,9979.0,11059.0,7586.0,7993.0,5481.0,5756.0,4760.0,4993.0,4519.0,5139.0,1.0,236.0,841.0,1802.0,1705.0,2546.0,1786.0,2464.0,1198.0,1570.0,833.0,1022.0,552.0,612.0,300.0,347.0,237.0,247.0,229.0,267.0,39.0,43.0,195.0,267.0,487.0,505.0,461.0,552.0,451.0,506.0,363.0,387.0,171.0,227.0,101.0,123.0,112.0,129.0,374.0,111.0,4.0,2.0,28.0,15.0,146.0,97.0,452.0,354.0,473.0,433.0,574.0,529.0,539.0,506.0,674.0,657.0,1495.0,1293.0,2160.0,2034.0,4134.0,3783.0,21889.0,21211.0
Şanlıurfa-63,197408,199415,9180,6566,24426,19723,22289,20542,31750,30238,18086,18965,13408,14175,11138,11267,9440,10064,10643,10332,7162,7904,6134,6245,12229,12885,190550,195598,53229,84388,5433,7824,1715,2313,6132,5724,30352,27602,34127,34893,29066,29813,21386,23318,22919,22348,13773,15265,10702,10991,13559,14846,440,7,110856,83514,20573,29799,261,690,416,329,8708,4358,9419,10861,7274,7714,5527,6159,4855,5059,2383,2746,1560,1677,1359,1562,4205,1276,43516,46518,19384,20474,20022,20277,18068,18691,15727,16486,9992,11199,6092,6901,5623,5501,3345,3949,1730,1933,1375,1564,2286,2381,14406,15173,31871,34008,18051,18926,10900,11236,6207,6846,3281,3794,2081,2136,1380,1417,1176,1282,803,921,3,152,571,1662,1183,2263,1010,1603,591,762,340,406,190,217,91,94,86,88,56,50,13,40,114,153,275,351,210,267,189,225,163,176,59,85,40,50,39,41,192,69,301,107,2259,1449,5432,3941,13868,11852,13738,12365,13370,13159,11432,11003,10017,10157,13110,11974,11563,11815,11733,11306,39867,40296
Siirt-56,29902,29032,1410,1116,2936,2315,2475,2203,3325,3120,2245,2338,2161,2262,1520,1517,1337,1422,1502,1477,1119,1205,1142,1140,2164,2219,31743,31584,10156,14688,730,860,209,321,747,677,3935,3473,4985,4943,4179,4213,3041,3320,3140,3065,2138,2342,2135,2126,2560,2766,132,2,19135,14613,2354,3937,15,68,62,26,1459,656,1925,2027,1632,1621,1159,1317,989,1031,505,564,413,412,383,448,1003,331,10835,11958,5091,5568,5016,5224,3891,3911,3274,3365,2028,2174,1371,1473,1283,1282,635,760,398,409,389,428,774,822,4004,3912,7980,8087,4236,4428,2457,2598,1269,1377,746,853,533,550,288,327,251,248,121,165,2,32,142,344,260,434,214,310,102,143,43,65,49,48,28,24,20,22,10,11,4,13,36,83,60,87,56,78,30,45,28,37,10,11,7,8,8,10,71,19,54,13,389,262,660,492,1542,1277,1852,1627,1965,1976,1449,1321,1526,1446,1818,1799,1554,1555,2260,2108,8592,8482
Sinop-57,8943.0,9019.0,102.0,87.0,248.0,163.0,213.0,176.0,225.0,189.0,136.0,122.0,127.0,135.0,108.0,107.0,153.0,143.0,344.0,292.0,606.0,582.0,1503.0,1314.0,8731.0,8478.0,10280.0,10013.0,1523.0,3503.0,61.0,81.0,8.0,27.0,162.0,59.0,2317.0,1924.0,3097.0,3024.0,3690.0,3460.0,3750.0,3886.0,6506.0,5851.0,7158.0,7496.0,8335.0,8111.0,18137.0,18740.0,12.0,,8739.0,6758.0,606.0,1062.0,1.0,11.0,27.0,7.0,1422.0,718.0,1767.0,1936.0,1754.0,1831.0,1523.0,1729.0,1512.0,1576.0,1042.0,1210.0,988.0,999.0,1070.0,1190.0,568.0,59.0,7066.0,7629.0,2613.0,2869.0,3108.0,2999.0,3173.0,3165.0,3083.0,3230.0,2213.0,2406.0,1737.0,1848.0,2014.0,1958.0,1420.0,1670.0,867.0,926.0,948.0,1042.0,543.0,594.0,2539.0,2398.0,4681.0,4831.0,3190.0,3235.0,2435.0,2492.0,1770.0,1799.0,1381.0,1437.0,1094.0,1119.0,906.0,911.0,899.0,910.0,1013.0,1140.0,1.0,32.0,135.0,270.0,225.0,371.0,209.0,280.0,102.0,145.0,85.0,93.0,56.0,58.0,38.0,45.0,40.0,38.0,27.0,34.0,5.0,17.0,57.0,93.0,96.0,127.0,63.0,77.0,33.0,49.0,19.0,30.0,9.0,9.0,11.0,11.0,9.0,12.0,59.0,25.0,5.0,4.0,12.0,11.0,44.0,18.0,119.0,99.0,139.0,139.0,144.0,141.0,122.0,111.0,141.0,138.0,307.0,258.0,442.0,431.0,978.0,894.0,6509.0,6218.0
Şırnak-73,47856,46967,1833,1477,3886,3089,4194,3646,5963,5879,3935,3865,3966,4430,2833,2935,2186,2412,2117,2221,1221,1384,1333,1359,2082,2221,52057,53631,13174,21420,1248,1573,358,543,1323,1271,6749,6086,8642,8991,6538,6729,4464,4968,4115,4198,2287,2590,2166,2176,2015,2261,216,9,33059,24437,6211,9153,47,182,103,77,2474,1199,2556,2972,1708,1805,1120,1288,890,932,396,513,303,303,223,270,883,571,13588,15700,7440,8892,7949,9794,5184,5595,3743,4321,1896,2146,1006,1215,915,938,446,575,312,321,255,297,848,970,5512,6037,10910,13179,4415,5736,1896,2268,927,1096,407,566,306,321,143,174,130,142,70,86,4,40,161,462,282,494,199,284,75,110,36,59,12,13,4,7,9,7,6,6,1,10,30,52,40,51,18,29,26,25,8,8,8,13,7,9,3,5,23,12,83,40,501,284,1286,866,3071,2568,3475,2897,3777,3760,2838,2728,2694,2633,2726,2686,2067,2105,2891,2661,9717,9753
Sivas-58,34284.0,33266.0,549.0,474.0,763.0,699.0,632.0,538.0,883.0,797.0,365.0,378.0,333.0,322.0,474.0,387.0,741.0,723.0,1571.0,1365.0,2106.0,2028.0,3390.0,3033.0,13627.0,13328.0,38721.0,38419.0,4326.0,12165.0,124.0,154.0,66.0,91.0,689.0,245.0,7591.0,6200.0,9974.0,9527.0,10958.0,10593.0,10930.0,11326.0,14516.0,13374.0,14628.0,14925.0,15111.0,14979.0,27040.0,27398.0,30.0,,33718.0,26259.0,2290.0,4409.0,12.0,30.0,66.0,13.0,4480.0,2206.0,5920.0,6343.0,5724.0,5632.0,5041.0,5575.0,4650.0,4809.0,2839.0,3111.0,2165.0,2285.0,2324.0,2537.0,2459.0,235.0,31233.0,31509.0,11586.0,12030.0,11708.0,10987.0,12124.0,11915.0,12253.0,12416.0,9354.0,9935.0,7059.0,7442.0,6751.0,6722.0,4537.0,5171.0,2807.0,2944.0,2614.0,2900.0,1536.0,1792.0,8653.0,8917.0,16306.0,16431.0,11231.0,11020.0,7733.0,7888.0,5222.0,5473.0,3728.0,3967.0,2514.0,2681.0,1818.0,1835.0,1602.0,1711.0,1390.0,1559.0,2.0,111.0,334.0,1107.0,786.0,1338.0,759.0,1052.0,471.0,565.0,339.0,374.0,216.0,219.0,75.0,91.0,65.0,53.0,42.0,54.0,14.0,45.0,121.0,231.0,236.0,356.0,209.0,274.0,252.0,289.0,184.0,227.0,87.0,105.0,65.0,77.0,45.0,52.0,66.0,16.0,2.0,1.0,10.0,6.0,79.0,47.0,248.0,206.0,318.0,307.0,394.0,360.0,448.0,426.0,633.0,604.0,1312.0,1126.0,1932.0,1843.0,3625.0,3182.0,23261.0,22297.0
Tekirdağ-59,53639.0,54946.0,755.0,593.0,1824.0,1529.0,1999.0,1600.0,2982.0,2664.0,1355.0,1423.0,1130.0,1258.0,1132.0,1084.0,1109.0,1199.0,1651.0,1565.0,1790.0,1811.0,2338.0,2299.0,11699.0,11525.0,54908.0,56801.0,6967.0,18704.0,412.0,580.0,213.0,376.0,1409.0,1066.0,13000.0,11280.0,17552.0,17149.0,17934.0,17893.0,18279.0,18924.0,23857.0,22435.0,25614.0,26142.0,24876.0,25211.0,42349.0,45302.0,54.0,,44567.0,34770.0,3723.0,6131.0,48.0,80.0,172.0,67.0,9134.0,4674.0,11183.0,12890.0,10275.0,10750.0,8674.0,9694.0,7065.0,7573.0,4686.0,5125.0,3709.0,3909.0,5262.0,5758.0,1593.0,173.0,30978.0,31801.0,15508.0,16052.0,23560.0,23211.0,26185.0,26337.0,27683.0,28845.0,19331.0,21143.0,14323.0,15837.0,11189.0,11589.0,8128.0,9080.0,4780.0,5405.0,4308.0,4935.0,1982.0,2272.0,10828.0,11271.0,24413.0,25508.0,19296.0,20133.0,14487.0,15387.0,9428.0,10445.0,6303.0,6936.0,4346.0,4663.0,3094.0,3239.0,2709.0,2865.0,3133.0,3520.0,1.0,121.0,761.0,1348.0,1349.0,1936.0,1362.0,1745.0,917.0,1093.0,625.0,697.0,405.0,439.0,196.0,235.0,147.0,151.0,140.0,179.0,30.0,31.0,143.0,199.0,300.0,347.0,274.0,359.0,243.0,281.0,152.0,203.0,90.0,112.0,41.0,45.0,61.0,65.0,301.0,107.0,22.0,8.0,118.0,78.0,270.0,219.0,621.0,549.0,619.0,587.0,524.0,549.0,481.0,451.0,547.0,570.0,949.0,882.0,1117.0,1138.0,1563.0,1552.0,7472.0,7401.0
Tokat-60,31667.0,30809.0,325.0,294.0,778.0,631.0,859.0,692.0,1180.0,994.0,666.0,624.0,586.0,563.0,816.0,705.0,1138.0,1103.0,2369.0,2075.0,3339.0,3124.0,6375.0,5725.0,27116.0,26699.0,36431.0,35768.0,4827.0,12286.0,187.0,219.0,95.0,141.0,778.0,279.0,8273.0,6763.0,11147.0,10357.0,12711.0,12094.0,12533.0,13011.0,18291.0,16664.0,16830.0,17948.0,18096.0,17626.0,29978.0,31448.0,46.0,,32592.0,25497.0,2438.0,4109.0,20.0,42.0,78.0,28.0,3908.0,1997.0,5510.0,5970.0,5595.0,5632.0,4924.0,5459.0,4575.0,4835.0,2697.0,3096.0,1922.0,1988.0,1939.0,2162.0,2637.0,311.0,26955.0,26248.0,9078.0,9482.0,9387.0,8918.0,9664.0,9793.0,10622.0,10563.0,7656.0,8259.0,5668.0,6147.0,5455.0,5428.0,4005.0,4484.0,2315.0,2513.0,1794.0,2019.0,1728.0,1739.0,7971.0,8071.0,12720.0,13292.0,9085.0,9017.0,7176.0,7201.0,4970.0,5304.0,3532.0,3806.0,2698.0,2793.0,2106.0,2238.0,1966.0,2053.0,1615.0,1825.0,2.0,96.0,372.0,811.0,666.0,1052.0,744.0,961.0,470.0,597.0,315.0,341.0,200.0,220.0,113.0,108.0,79.0,88.0,54.0,62.0,20.0,41.0,140.0,214.0,205.0,284.0,184.0,242.0,153.0,189.0,108.0,127.0,42.0,55.0,26.0,24.0,25.0,38.0,264.0,76.0,16.0,13.0,14.0,15.0,96.0,61.0,242.0,194.0,231.0,244.0,277.0,254.0,254.0,256.0,356.0,359.0,738.0,647.0,978.0,953.0,2013.0,1832.0,11517.0,11101.0
Trabzon-61,39819.0,39565.0,401.0,374.0,541.0,457.0,385.0,348.0,616.0,567.0,317.0,332.0,333.0,326.0,433.0,356.0,751.0,686.0,2175.0,1833.0,3146.0,2976.0,5259.0,5027.0,21730.0,21379.0,43200.0,42833.0,3711.0,13065.0,100.0,116.0,68.0,94.0,451.0,143.0,6766.0,5352.0,10173.0,9238.0,12463.0,11686.0,13582.0,13645.0,20357.0,18734.0,19331.0,19946.0,19160.0,19456.0,32204.0,33345.0,61.0,,40488.0,31207.0,2545.0,4270.0,5.0,44.0,49.0,13.0,4897.0,2349.0,6826.0,7348.0,6596.0,6654.0,6350.0,6768.0,6104.0,6338.0,3901.0,4232.0,3057.0,3224.0,3028.0,3413.0,2095.0,370.0,39394.0,40214.0,15655.0,16157.0,16855.0,16020.0,18903.0,19095.0,19243.0,19546.0,14732.0,15841.0,11580.0,12787.0,11134.0,11262.0,7599.0,8724.0,4244.0,4766.0,3428.0,3884.0,1976.0,1991.0,11868.0,11464.0,22062.0,22401.0,15716.0,15911.0,12336.0,12559.0,9351.0,9855.0,6392.0,6882.0,5016.0,5224.0,3753.0,3868.0,3543.0,3710.0,3596.0,3971.0,6.0,189.0,876.0,1612.0,1378.0,2100.0,1213.0,1608.0,893.0,1089.0,661.0,804.0,379.0,430.0,207.0,237.0,173.0,166.0,134.0,158.0,50.0,58.0,341.0,411.0,449.0,545.0,372.0,436.0,354.0,424.0,284.0,322.0,137.0,162.0,80.0,89.0,95.0,132.0,249.0,63.0,3.0,1.0,17.0,5.0,116.0,87.0,325.0,270.0,349.0,336.0,402.0,404.0,418.0,395.0,525.0,489.0,1230.0,1034.0,1853.0,1730.0,3273.0,3092.0,23778.0,22674.0
Tunceli-62,2770.0,2796.0,28.0,20.0,187.0,110.0,66.0,51.0,67.0,62.0,78.0,62.0,52.0,49.0,66.0,66.0,91.0,78.0,188.0,158.0,251.0,262.0,509.0,435.0,1966.0,1939.0,2896.0,2827.0,158.0,802.0,60.0,61.0,14.0,10.0,42.0,22.0,570.0,468.0,1022.0,921.0,1216.0,1143.0,1227.0,1298.0,1713.0,1557.0,1514.0,1588.0,1869.0,1800.0,3617.0,3712.0,3.0,,2874.0,2113.0,250.0,496.0,,1.0,7.0,2.0,434.0,200.0,768.0,797.0,804.0,762.0,690.0,772.0,646.0,643.0,380.0,471.0,300.0,312.0,346.0,376.0,153.0,40.0,3892.0,3875.0,2759.0,2985.0,2909.0,2961.0,2077.0,2079.0,2129.0,2070.0,1390.0,1523.0,950.0,1053.0,1066.0,972.0,707.0,856.0,454.0,509.0,369.0,392.0,304.0,284.0,1605.0,1604.0,3919.0,3807.0,2425.0,2495.0,1529.0,1524.0,866.0,932.0,558.0,642.0,383.0,381.0,207.0,249.0,222.0,229.0,167.0,192.0,,15.0,66.0,146.0,185.0,256.0,129.0,182.0,64.0,76.0,43.0,54.0,22.0,22.0,14.0,16.0,10.0,13.0,12.0,13.0,1.0,4.0,23.0,47.0,40.0,64.0,21.0,27.0,10.0,19.0,8.0,11.0,6.0,8.0,2.0,3.0,2.0,4.0,20.0,6.0,,,4.0,,15.0,8.0,29.0,19.0,58.0,56.0,57.0,57.0,67.0,50.0,84.0,95.0,196.0,140.0,275.0,281.0,606.0,531.0,3994.0,3831.0
Uşak-64,17579.0,17179.0,136.0,133.0,277.0,234.0,310.0,252.0,457.0,405.0,197.0,192.0,170.0,173.0,161.0,154.0,252.0,237.0,579.0,493.0,944.0,892.0,1904.0,1659.0,11491.0,11158.0,18992.0,18987.0,2470.0,6299.0,57.0,65.0,25.0,37.0,289.0,90.0,4451.0,3601.0,6263.0,5817.0,7091.0,6873.0,8081.0,8184.0,11129.0,10227.0,11191.0,11660.0,11136.0,10938.0,18976.0,20075.0,9.0,,15723.0,12747.0,891.0,1923.0,6.0,10.0,49.0,12.0,3082.0,1522.0,3976.0,4330.0,3382.0,3495.0,2918.0,3170.0,2510.0,2595.0,1553.0,1676.0,1177.0,1281.0,1065.0,1180.0,1694.0,119.0,14529.0,16789.0,5199.0,5701.0,6675.0,6282.0,6885.0,7223.0,6968.0,6940.0,5204.0,5603.0,3795.0,4166.0,3525.0,3458.0,2641.0,3059.0,1506.0,1651.0,1231.0,1396.0,842.0,878.0,3997.0,4217.0,7387.0,7516.0,5875.0,5936.0,4598.0,4643.0,3479.0,3714.0,2288.0,2466.0,1661.0,1749.0,1499.0,1420.0,1382.0,1457.0,1212.0,1408.0,2.0,45.0,213.0,377.0,478.0,636.0,451.0,646.0,294.0,381.0,196.0,224.0,129.0,151.0,66.0,76.0,41.0,42.0,38.0,46.0,14.0,12.0,86.0,156.0,151.0,195.0,106.0,136.0,107.0,128.0,58.0,74.0,30.0,34.0,6.0,12.0,14.0,15.0,100.0,20.0,3.0,2.0,13.0,10.0,27.0,21.0,81.0,75.0,88.0,98.0,110.0,101.0,98.0,86.0,138.0,128.0,277.0,242.0,462.0,419.0,926.0,824.0,5376.0,5148.0
Van-65,101051,97927,5626,3700,14430,11432,12944,11502,17996,17115,9940,10014,9053,9467,8065,7376,5606,6494,7636,7164,4900,5339,4728,4820,7907,8291,103187,103531,31409,48111,2569,3786,665,1146,3314,2749,18792,16604,21151,21961,18459,17351,11258,13507,14441,13799,8575,9523,7224,7443,8818,9471,877,49,65905,49630,10108,15630,66,282,261,136,5693,2894,6907,7871,5319,5316,3332,4157,3139,3247,1450,1685,1018,1105,923,1060,3093,1529,30931,32245,15014,15228,15436,15551,12378,12968,10976,11580,7398,7805,4152,4909,3962,3930,2257,2578,1310,1463,1048,1164,1682,1867,9418,9757,21642,22851,12534,13310,6900,7474,3850,4114,2037,2475,1538,1588,995,1083,660,765,368,433,1,101,409,1257,870,1591,779,1160,417,499,226,281,139,137,66,78,33,32,15,19,11,36,65,125,226,356,188,282,159,205,146,178,55,72,30,42,27,30,147,44,397,133,1757,1317,2735,2066,5946,5090,5447,4838,5116,5137,4592,3956,3518,3874,5953,5284,5069,5123,6480,6178,19193,19044
Yalova-77,11901.0,11953.0,173.0,159.0,317.0,296.0,310.0,282.0,475.0,439.0,250.0,275.0,204.0,196.0,203.0,210.0,209.0,217.0,333.0,307.0,430.0,421.0,671.0,633.0,2722.0,2719.0,12214.0,12563.0,1187.0,3909.0,87.0,107.0,61.0,70.0,266.0,194.0,2127.0,1854.0,3016.0,2904.0,3506.0,3382.0,3791.0,3841.0,5050.0,4723.0,5602.0,5769.0,5988.0,6143.0,12971.0,13565.0,9.0,,11169.0,8645.0,924.0,1421.0,8.0,12.0,30.0,20.0,1594.0,761.0,2242.0,2422.0,2430.0,2416.0,2165.0,2427.0,2115.0,2229.0,1660.0,1803.0,1374.0,1508.0,2202.0,2408.0,352.0,49.0,8995.0,9768.0,3935.0,4013.0,4632.0,4504.0,5243.0,5172.0,5871.0,6022.0,4584.0,4937.0,3709.0,4097.0,3624.0,3617.0,2847.0,3264.0,1742.0,1927.0,2443.0,2699.0,610.0,677.0,2997.0,3030.0,6008.0,6296.0,4704.0,5018.0,4059.0,4138.0,3198.0,3427.0,2464.0,2726.0,1748.0,1802.0,1365.0,1469.0,1142.0,1227.0,1647.0,1842.0,,34.0,232.0,366.0,480.0,608.0,432.0,531.0,371.0,434.0,281.0,339.0,174.0,209.0,120.0,129.0,64.0,81.0,86.0,98.0,6.0,7.0,56.0,83.0,70.0,119.0,79.0,91.0,66.0,95.0,47.0,61.0,21.0,25.0,18.0,21.0,30.0,33.0,80.0,16.0,6.0,6.0,8.0,9.0,56.0,30.0,159.0,129.0,132.0,130.0,127.0,121.0,131.0,124.0,154.0,146.0,246.0,220.0,302.0,309.0,480.0,470.0,2941.0,2859.0
Yozgat-66,25465.0,23820.0,1337.0,1373.0,1576.0,1440.0,994.0,940.0,1010.0,943.0,291.0,292.0,245.0,237.0,304.0,267.0,430.0,401.0,938.0,837.0,1218.0,1120.0,2203.0,2052.0,9129.0,9052.0,25300.0,24961.0,3045.0,7886.0,87.0,111.0,28.0,64.0,604.0,247.0,5890.0,4849.0,7853.0,7311.0,9275.0,8788.0,9414.0,9550.0,13467.0,12364.0,12066.0,12621.0,13102.0,12653.0,23582.0,24797.0,37.0,,22009.0,17186.0,1476.0,3130.0,9.0,20.0,37.0,7.0,2758.0,1281.0,3578.0,3800.0,3660.0,3618.0,3415.0,3659.0,3206.0,3267.0,1798.0,2031.0,1371.0,1404.0,1359.0,1523.0,2070.0,197.0,15704.0,16294.0,6070.0,6195.0,8462.0,7621.0,8040.0,8171.0,7756.0,7789.0,5472.0,5986.0,3827.0,4154.0,3857.0,3803.0,2171.0,2603.0,1261.0,1309.0,1081.0,1270.0,1083.0,987.0,5267.0,5139.0,8985.0,9094.0,5664.0,5726.0,3921.0,4018.0,2394.0,2542.0,1738.0,1906.0,1435.0,1463.0,993.0,1033.0,843.0,883.0,529.0,621.0,3.0,64.0,230.0,546.0,417.0,717.0,415.0,529.0,206.0,238.0,139.0,153.0,73.0,93.0,37.0,39.0,26.0,26.0,22.0,27.0,8.0,32.0,80.0,125.0,105.0,149.0,95.0,118.0,63.0,84.0,44.0,36.0,20.0,32.0,10.0,14.0,13.0,15.0,88.0,38.0,101.0,76.0,64.0,70.0,92.0,62.0,236.0,207.0,224.0,209.0,220.0,236.0,256.0,220.0,299.0,293.0,713.0,618.0,919.0,862.0,2012.0,1824.0,12205.0,11879.0
Zonguldak-67,29572.0,28478.0,185.0,167.0,380.0,320.0,329.0,278.0,513.0,448.0,254.0,252.0,215.0,206.0,255.0,209.0,629.0,529.0,1431.0,1208.0,2685.0,2462.0,3868.0,3702.0,10559.0,10766.0,32306.0,32011.0,2263.0,9174.0,55.0,74.0,21.0,42.0,343.0,97.0,7379.0,5819.0,10079.0,9273.0,12515.0,11772.0,14712.0,14100.0,19828.0,18753.0,21047.0,21388.0,19029.0,19246.0,27839.0,29725.0,18.0,,29254.0,23044.0,1516.0,2503.0,5.0,17.0,45.0,7.0,4383.0,2334.0,6227.0,6704.0,5665.0,5801.0,5231.0,5558.0,4516.0,4671.0,3074.0,3355.0,2236.0,2373.0,1987.0,2265.0,1774.0,135.0,24038.0,25368.0,9531.0,9544.0,12275.0,11247.0,13880.0,13731.0,14806.0,14729.0,10493.0,11570.0,6798.0,7419.0,6334.0,6204.0,5572.0,6028.0,3203.0,3574.0,2723.0,3125.0,1386.0,1512.0,7443.0,7142.0,13148.0,13489.0,9575.0,9528.0,7748.0,7796.0,5545.0,5817.0,4238.0,4461.0,2963.0,3105.0,2161.0,2218.0,1876.0,2035.0,1640.0,1838.0,,95.0,389.0,813.0,714.0,1020.0,796.0,967.0,442.0,570.0,340.0,375.0,178.0,207.0,107.0,97.0,88.0,94.0,84.0,100.0,17.0,32.0,130.0,187.0,239.0,303.0,152.0,196.0,146.0,160.0,73.0,94.0,31.0,54.0,27.0,27.0,38.0,44.0,84.0,27.0,8.0,5.0,9.0,6.0,92.0,50.0,323.0,258.0,409.0,376.0,410.0,411.0,492.0,440.0,691.0,606.0,1484.0,1245.0,2922.0,2657.0,4655.0,4343.0,19649.0,19277.0
