|||Sütunlar|||||||||||||||||||||||||||||||||||||||||||||||||||||||||||||||||||||||||||||||||
Satırlar|||Adana-1|Adıyaman-2|Afyonkarahisar-3|Ağrı-4|Aksaray-68|Amasya-5|Ankara-6|Antalya-7|Ardahan-75|Artvin-8|Aydın-9|Balıkesir-10|Bartın-74|Batman-72|Bayburt-69|Bilecik-11|Bingöl-12|Bitlis-13|Bolu-14|Burdur-15|Bursa-16|Çanakkale-17|Çankırı-18|Çorum-19|Denizli-20|Diyarbakır-21|Düzce-81|Edirne-22|Elazığ-23|Erzincan-24|Erzurum-25|Eskişehir-26|Gaziantep-27|Giresun-28|Gümüşhane-29|Hakkari-30|Hatay-31|Iğdır-76|Isparta-32|İstanbul-34|İzmir-35|Kahramanmaraş-46|Karabük-78|Karaman-70|Kars-36|Kastamonu-37|Kayseri-38|Kilis-79|Kırıkkale-71|Kırklareli-39|Kırşehir-40|Kocaeli-41|Konya-42|Kütahya-43|Malatya-44|Manisa-45|Mardin-47|Mersin-33|Muğla-48|Muş-49|Nevşehir-50|Niğde-51|Ordu-52|Osmaniye-80|Rize-53|Sakarya-54|Samsun-55|Şanlıurfa-63|Siirt-56|Sinop-57|Şırnak-73|Sivas-58|Tekirdağ-59|Tokat-60|Trabzon-61|Tunceli-62|Uşak-64|Van-65|Yalova-77|Yozgat-66|Zonguldak-67|
||||||||||||||||||||||||||||||||||||||||||||||||||||||||||||||||||||||||||||||||||||
||||||||||||||||||||||||||||||||||||||||||||||||||||||||||||||||||||||||||||||||||||
2016|Bebek Ölüm Hızı (Binde)|Ölçüm bazında|10.0|13.2|9.1|14.2|8.2|8.6|6.9|7.9|10.7|5.5|7.9|6.6|9.8|12.5|6.6|7.8|18.4|12.4|6.9|9.2|8.5|6.3|12.6|6.9|9.2|10.7|10.0|6.6|12.3|6.8|12.5|8.7|14.1|6.5|5.7|15.2|11.1|10.9|9.7|8.1|7.2|12.2|5.5|8.6|12.7|6.3|8.6|13.3|12.5|6.1|6.6|7.3|9.5|10.3|10.8|11.4|13.5|9.5|9.2|15.0|6.1|9.1|7.7|12.6|8.9|7.9|7.6|17.9|13.9|8.5|16.1|9.1|6.7|10.7|6.9|3.1|8.0|13.9|7.0|8.4|10.1|
|Okuma Yazma Durumu|14-17 ve Bilinmeyen|330.0|87.0|168.0|100.0|150.0|19.0|515.0|244.0|3.0|6.0|108.0|94.0|23.0|179.0|50.0|3.0|44.0|50.0|18.0|33.0|274.0|25.0|58.0|73.0|159.0|195.0|49.0|29.0|41.0|30.0|89.0|214.0|560.0|78.0|831.0|401.0|275.0|60.0|28.0|2554.0|536.0|152.0|6.0|52.0|41.0|21.0|189.0|58.0|26.0|31.0|28.0|232.0|333.0|61.0|92.0|67.0|520.0|201.0|158.0|65.0|47.0|36.0|211.0|97.0|27.0|177.0|146.0|591.0|54.0|25.0|295.0|61.0|91.0|117.0|98.0|6.0|81.0|320.0|75.0|865.0|78.0|
||14-17 ve Okuma Yazma Bilen|151367.0|49495.0|45623.0|55088.0|27738.0|19383.0|307609.0|134998.0|6900.0|9019.0|58804.0|61714.0|10637.0|56480.0|5810.0|11304.0|20571.0|32653.0|15287.0|14370.0|168176.0|23512.0|9699.0|32308.0|59611.0|146720.0|22909.0|17921.0|39152.0|13472.0|59803.0|42958.0|155109.0|25744.0|9711.0|24877.0|114648.0|16650.0|23466.0|854325.0|216891.0|87256.0|12479.0|16522.0|22396.0|18984.0|91362.0|9967.0|17273.0|16574.0|14221.0|111469.0|148204.0|30304.0|54093.0|80371.0|74382.0|117815.0|46513.0|41072.0|18392.0|24991.0|48175.0|39409.0|19685.0|60673.0|83903.0|177471.0|31704.0|10932.0|48949.0|41053.0|53882.0|40381.0|46695.0|3213.0|20026.0|106034.0|12881.0|28461.0|33476.0|
||14-17 ve Okuma Yazma Bilmeyen|52.0|15.0|15.0|7.0|3.0||11.0|12.0|||1.0|14.0||48.0|||48.0|60.0|||17.0||2.0||21.0|108.0|3.0|5.0|1.0||37.0|7.0|11.0|6.0|1.0|110.0|12.0|30.0|1.0|181.0|19.0|5.0|3.0|3.0|24.0|3.0|28.0|3.0|2.0|2.0||38.0|25.0|8.0|20.0|3.0|110.0|16.0||17.0|14.0|5.0|6.0|15.0|1.0|30.0|4.0|301.0|54.0|5.0|83.0|2.0|22.0|16.0|3.0||3.0|397.0|6.0|101.0|8.0|
||18-21 ve Bilinmeyen|371.0|50.0|130.0|130.0|110.0|13.0|517.0|328.0|9.0|7.0|101.0|130.0|22.0|183.0|29.0|14.0|49.0|45.0|28.0|30.0|268.0|31.0|44.0|75.0|130.0|117.0|39.0|26.0|50.0|17.0|130.0|197.0|453.0|76.0|722.0|198.0|217.0|48.0|27.0|2694.0|518.0|171.0|7.0|46.0|65.0|12.0|242.0|43.0|21.0|39.0|30.0|178.0|342.0|43.0|82.0|65.0|511.0|212.0|181.0|107.0|39.0|30.0|109.0|133.0|12.0|177.0|121.0|460.0|81.0|18.0|281.0|86.0|103.0|75.0|84.0|12.0|44.0|295.0|66.0|495.0|41.0|
||18-21 ve Okuma Yazma Bilen|131149.0|44694.0|48883.0|46712.0|27065.0|20414.0|317783.0|123688.0|7151.0|10561.0|61852.0|64976.0|12456.0|46286.0|9946.0|18011.0|21476.0|28455.0|23966.0|19867.0|154422.0|36947.0|12368.0|29465.0|60374.0|128229.0|25098.0|29646.0|43495.0|19783.0|65463.0|54101.0|133498.0|29693.0|16355.0|29073.0|96786.0|14732.0|33083.0|867837.0|233338.0|70674.0|23991.0|16796.0|24208.0|26643.0|84800.0|11445.0|22177.0|24725.0|16125.0|108566.0|153593.0|37778.0|52254.0|80529.0|63112.0|102431.0|47885.0|33469.0|19283.0|26164.0|42376.0|31924.0|21751.0|63586.0|79347.0|142963.0|30124.0|11067.0|46371.0|46028.0|55229.0|41507.0|52900.0|7780.0|21838.0|92178.0|13823.0|26345.0|33085.0|
||18-21 ve Okuma Yazma Bilmeyen|495.0|51.0|36.0|106.0|14.0|2.0|147.0|56.0|14.0|4.0|17.0|64.0|4.0|273.0|7.0|14.0|144.0|301.0|4.0|6.0|153.0|17.0|10.0|11.0|49.0|796.0|11.0|44.0|29.0|2.0|136.0|34.0|85.0|2.0|1.0|334.0|69.0|118.0|6.0|1119.0|165.0|44.0|11.0|10.0|135.0|9.0|73.0|22.0|10.0|28.0|12.0|174.0|72.0|19.0|78.0|43.0|533.0|122.0|38.0|107.0|13.0|13.0|9.0|111.0|5.0|79.0|28.0|2259.0|389.0|12.0|501.0|10.0|118.0|14.0|17.0|4.0|13.0|1757.0|8.0|64.0|9.0|
||22-24 ve Bilinmeyen|406.0|43.0|119.0|576.0|127.0|15.0|1004.0|516.0|28.0|11.0|126.0|134.0|14.0|291.0|27.0|16.0|42.0|78.0|21.0|32.0|523.0|32.0|27.0|84.0|121.0|147.0|61.0|35.0|76.0|29.0|268.0|205.0|425.0|68.0|472.0|162.0|359.0|117.0|53.0|4320.0|619.0|299.0|9.0|36.0|158.0|24.0|309.0|38.0|29.0|47.0|37.0|315.0|404.0|21.0|77.0|59.0|546.0|307.0|167.0|206.0|25.0|20.0|109.0|101.0|29.0|190.0|121.0|632.0|123.0|23.0|368.0|149.0|176.0|52.0|108.0|12.0|42.0|348.0|68.0|277.0|33.0|
||22-24 ve Okuma Yazma Bilen|100002.0|31131.0|32208.0|29549.0|18333.0|12894.0|242684.0|95782.0|5059.0|7208.0|45361.0|46150.0|8004.0|32194.0|5570.0|10516.0|16179.0|20098.0|14506.0|10809.0|123925.0|21837.0|7815.0|21096.0|42192.0|91414.0|17541.0|17072.0|30147.0|12493.0|41524.0|41547.0|95196.0|19485.0|10539.0|18696.0|66053.0|10029.0|19005.0|695495.0|184023.0|50443.0|13236.0|11155.0|16184.0|16108.0|61422.0|7032.0|13220.0|15267.0|10535.0|85087.0|102022.0|26885.0|36116.0|59170.0|42644.0|77288.0|35773.0|22415.0|12338.0|16639.0|31212.0|23242.0|14993.0|43463.0|57768.0|97969.0|19097.0|8118.0|29880.0|30271.0|43477.0|26990.0|36145.0|5454.0|14586.0|62913.0|9923.0|18681.0|23709.0|
||22-24 ve Okuma Yazma Bilmeyen|1154.0|116.0|124.0|1237.0|69.0|45.0|724.0|297.0|33.0|15.0|160.0|178.0|21.0|697.0|12.0|33.0|252.0|611.0|28.0|24.0|628.0|73.0|23.0|69.0|122.0|2928.0|62.0|116.0|179.0|57.0|490.0|142.0|457.0|55.0|27.0|516.0|328.0|247.0|39.0|4103.0|643.0|364.0|32.0|20.0|220.0|61.0|207.0|36.0|32.0|63.0|36.0|395.0|391.0|55.0|132.0|267.0|1384.0|625.0|103.0|882.0|42.0|58.0|108.0|236.0|27.0|180.0|146.0|5432.0|660.0|44.0|1286.0|79.0|270.0|96.0|116.0|15.0|27.0|2735.0|56.0|92.0|92.0|
||25-29 ve Bilinmeyen|1137.0|242.0|206.0|1591.0|227.0|102.0|4242.0|1965.0|129.0|42.0|384.0|388.0|39.0|900.0|41.0|87.0|132.0|181.0|110.0|76.0|2195.0|104.0|87.0|226.0|323.0|480.0|161.0|121.0|228.0|77.0|860.0|584.0|1357.0|182.0|851.0|310.0|1188.0|362.0|149.0|17724.0|2078.0|923.0|36.0|105.0|573.0|97.0|1114.0|87.0|80.0|129.0|83.0|1217.0|917.0|55.0|235.0|215.0|1512.0|833.0|468.0|463.0|71.0|56.0|316.0|380.0|70.0|517.0|489.0|1860.0|270.0|70.0|951.0|535.0|587.0|173.0|265.0|36.0|97.0|876.0|243.0|677.0|123.0|
||25-29 ve Okuma Yazma Bilen|158835.0|46792.0|49183.0|40669.0|28580.0|21325.0|423497.0|167215.0|6990.0|11525.0|72273.0|76141.0|12130.0|45754.0|6638.0|16685.0|24907.0|28559.0|20436.0|15536.0|215871.0|33275.0|11705.0|32550.0|69380.0|139376.0|27020.0|26942.0|42203.0|16656.0|56996.0|63267.0|154510.0|27275.0|12569.0|26751.0|107128.0|14402.0|28374.0|1236757.0|314518.0|77926.0|15812.0|17403.0|22224.0|23306.0|99458.0|9461.0|18370.0|24489.0|15791.0|152141.0|154602.0|40853.0|55087.0|98518.0|61602.0|123946.0|61552.0|31319.0|19503.0|24330.0|47745.0|35328.0|22548.0|70181.0|88269.0|142785.0|25244.0|12932.0|39409.0|43916.0|78826.0|38292.0|54327.0|8193.0|24051.0|89552.0|15796.0|28399.0|38701.0|
||25-29 ve Okuma Yazma Bilmeyen|3035.0|354.0|282.0|3089.0|167.0|92.0|2053.0|949.0|81.0|72.0|492.0|469.0|95.0|2093.0|57.0|90.0|709.0|1346.0|78.0|75.0|1920.0|246.0|76.0|189.0|351.0|8236.0|172.0|313.0|532.0|137.0|1380.0|372.0|1519.0|191.0|67.0|1194.0|951.0|644.0|136.0|12382.0|1975.0|998.0|84.0|70.0|639.0|205.0|520.0|76.0|99.0|184.0|111.0|1092.0|969.0|172.0|512.0|774.0|3565.0|1757.0|401.0|2381.0|103.0|185.0|401.0|570.0|116.0|452.0|452.0|13868.0|1542.0|119.0|3071.0|248.0|621.0|242.0|325.0|29.0|81.0|5946.0|159.0|236.0|323.0|
||30-34 ve Bilinmeyen|1155.0|243.0|202.0|1093.0|270.0|113.0|3960.0|2694.0|120.0|40.0|462.0|393.0|46.0|728.0|57.0|86.0|161.0|139.0|146.0|78.0|2244.0|118.0|92.0|203.0|317.0|499.0|150.0|132.0|327.0|108.0|668.0|548.0|1250.0|233.0|913.0|364.0|1851.0|359.0|169.0|17310.0|2396.0|1119.0|40.0|96.0|523.0|117.0|825.0|58.0|94.0|154.0|79.0|1204.0|1007.0|78.0|342.0|228.0|1538.0|995.0|636.0|328.0|69.0|57.0|455.0|476.0|103.0|559.0|506.0|1849.0|192.0|72.0|793.0|459.0|658.0|146.0|366.0|48.0|94.0|869.0|245.0|640.0|140.0|
||30-34 ve Okuma Yazma Bilen|166833.0|44280.0|51361.0|30442.0|28615.0|21874.0|441867.0|186720.0|6404.0|11143.0|74928.0|79054.0|13403.0|36862.0|5761.0|16562.0|19285.0|21219.0|20869.0|16293.0|235736.0|35646.0|11222.0|34655.0|76443.0|116652.0|27122.0|26562.0|42005.0|15418.0|51426.0|63347.0|150511.0|26956.0|10484.0|17010.0|111628.0|12347.0|29057.0|1312006.0|335435.0|82785.0|15365.0|17930.0|18690.0|23876.0|106253.0|8104.0|18273.0|25136.0|15385.0|161684.0|159969.0|40980.0|57023.0|105316.0|49160.0|127267.0|69531.0|23422.0|21260.0|24197.0|48251.0|36981.0|22333.0|71679.0|88071.0|115045.0|18565.0|12747.0|26565.0|42678.0|84367.0|39036.0|54722.0|6387.0|26384.0|71305.0|16399.0|26938.0|44344.0|
||30-34 ve Okuma Yazma Bilmeyen|3084.0|438.0|319.0|2807.0|205.0|125.0|1961.0|864.0|108.0|65.0|466.0|501.0|129.0|2266.0|44.0|99.0|660.0|1120.0|96.0|89.0|1777.0|252.0|110.0|281.0|389.0|9095.0|180.0|348.0|580.0|153.0|1469.0|401.0|1433.0|266.0|70.0|1545.0|941.0|793.0|165.0|11600.0|1928.0|995.0|105.0|107.0|629.0|243.0|549.0|89.0|91.0|194.0|106.0|953.0|997.0|206.0|632.0|806.0|3735.0|1666.0|384.0|2162.0|141.0|220.0|452.0|692.0|156.0|551.0|473.0|13738.0|1852.0|139.0|3475.0|318.0|619.0|231.0|349.0|58.0|88.0|5447.0|132.0|224.0|409.0|
||35-39 ve Bilinmeyen|848.0|170.0|182.0|631.0|271.0|47.0|2629.0|2168.0|70.0|35.0|439.0|301.0|65.0|493.0|57.0|32.0|134.0|109.0|59.0|75.0|1026.0|114.0|66.0|162.0|294.0|400.0|104.0|111.0|252.0|85.0|458.0|435.0|835.0|182.0|1045.0|306.0|1262.0|272.0|116.0|11041.0|1615.0|665.0|34.0|91.0|306.0|66.0|542.0|46.0|51.0|111.0|62.0|653.0|837.0|83.0|289.0|191.0|906.0|772.0|647.0|268.0|66.0|44.0|286.0|311.0|86.0|375.0|321.0|1163.0|142.0|62.0|526.0|278.0|382.0|108.0|320.0|63.0|93.0|483.0|168.0|444.0|120.0|
||35-39 ve Okuma Yazma Bilen|174348.0|44513.0|52251.0|29250.0|29499.0|23678.0|453808.0|202461.0|6699.0|11338.0|80005.0|87855.0|14651.0|37512.0|5505.0|16572.0|20150.0|20373.0|22661.0|17970.0|249501.0|38828.0|11781.0|38216.0|84436.0|110400.0|29559.0|28557.0|43732.0|15822.0|51086.0|66228.0|143596.0|29105.0|10322.0|16513.0|118592.0|12536.0|31183.0|1358558.0|360586.0|84060.0|16336.0|18014.0|19020.0|25556.0|107827.0|8514.0|18731.0|27382.0|16001.0|166301.0|159220.0|43142.0|60404.0|109486.0|47278.0|137280.0|76830.0|22808.0|21552.0|25523.0|54330.0|39148.0|24140.0|78118.0|100105.0|99376.0|17214.0|12924.0|23609.0|42352.0|87708.0|41669.0|56633.0|6200.0|28135.0|64159.0|17949.0|27257.0|48620.0|
||35-39 ve Okuma Yazma Bilmeyen|3008.0|579.0|306.0|2945.0|227.0|150.0|1979.0|845.0|111.0|76.0|456.0|524.0|144.0|2539.0|54.0|92.0|757.0|1273.0|103.0|123.0|1676.0|233.0|98.0|258.0|397.0|8909.0|211.0|350.0|685.0|238.0|1738.0|370.0|1573.0|294.0|78.0|1989.0|951.0|890.0|181.0|10736.0|1914.0|1175.0|133.0|86.0|645.0|271.0|594.0|103.0|89.0|209.0|143.0|919.0|953.0|173.0|803.0|850.0|4652.0|1645.0|368.0|2196.0|139.0|245.0|616.0|653.0|182.0|555.0|574.0|13370.0|1965.0|144.0|3777.0|394.0|524.0|277.0|402.0|57.0|110.0|5116.0|127.0|220.0|410.0|
||40-44 ve Bilinmeyen|877.0|158.0|197.0|417.0|232.0|50.0|2537.0|1975.0|69.0|29.0|454.0|379.0|110.0|435.0|59.0|35.0|128.0|107.0|73.0|57.0|1120.0|109.0|55.0|138.0|326.0|367.0|118.0|111.0|242.0|91.0|330.0|441.0|767.0|180.0|1045.0|221.0|950.0|244.0|104.0|10800.0|1746.0|603.0|36.0|86.0|247.0|90.0|512.0|57.0|51.0|112.0|84.0|650.0|724.0|105.0|286.0|195.0|791.0|786.0|606.0|210.0|72.0|49.0|269.0|263.0|82.0|425.0|344.0|741.0|163.0|74.0|492.0|262.0|384.0|126.0|358.0|77.0|100.0|389.0|194.0|436.0|213.0|
||40-44 ve Okuma Yazma Bilen|151353.0|36161.0|44833.0|22962.0|25618.0|21530.0|400848.0|181632.0|6183.0|10980.0|73818.0|85718.0|13221.0|26940.0|5273.0|14814.0|15359.0|15918.0|20413.0|17761.0|217337.0|36225.0|10799.0|34719.0|74181.0|82551.0|26443.0|26971.0|38815.0|14095.0|43533.0|61491.0|115774.0|27777.0|9690.0|10648.0|103073.0|9900.0|28665.0|1147839.0|323785.0|69299.0|16199.0|16284.0|15906.0|22400.0|93518.0|7205.0|17809.0|25124.0|14827.0|137215.0|138321.0|39353.0|53037.0|98830.0|36099.0|126586.0|71906.0|17058.0|19295.0|22628.0|50965.0|34233.0|23191.0|68828.0|88643.0|76313.0|12626.0|11972.0|16037.0|37807.0|73495.0|38897.0|51729.0|5177.0|25426.0|50558.0|16664.0|25109.0|43612.0|
||40-44 ve Okuma Yazma Bilmeyen|2912.0|742.0|257.0|2595.0|259.0|129.0|1872.0|756.0|113.0|89.0|446.0|575.0|155.0|1852.0|65.0|81.0|824.0|1061.0|125.0|126.0|1680.0|232.0|116.0|298.0|348.0|7666.0|200.0|390.0|808.0|242.0|1724.0|399.0|1856.0|319.0|84.0|1259.0|896.0|835.0|180.0|9583.0|1895.0|1298.0|115.0|98.0|675.0|324.0|645.0|93.0|98.0|216.0|122.0|988.0|907.0|167.0|918.0|835.0|4526.0|1438.0|347.0|1898.0|141.0|234.0|681.0|670.0|184.0|556.0|539.0|11432.0|1449.0|122.0|2838.0|448.0|481.0|254.0|418.0|67.0|98.0|4592.0|131.0|256.0|492.0|
||45-49 ve Bilinmeyen|759.0|127.0|218.0|190.0|249.0|56.0|2716.0|1771.0|57.0|36.0|505.0|457.0|120.0|270.0|46.0|40.0|86.0|50.0|72.0|100.0|1122.0|127.0|50.0|181.0|355.0|250.0|117.0|114.0|206.0|96.0|265.0|484.0|621.0|232.0|733.0|146.0|808.0|157.0|147.0|9555.0|1750.0|523.0|62.0|112.0|139.0|84.0|515.0|35.0|77.0|105.0|93.0|613.0|730.0|84.0|262.0|247.0|574.0|706.0|647.0|127.0|101.0|52.0|232.0|223.0|95.0|406.0|411.0|514.0|76.0|81.0|337.0|319.0|373.0|117.0|303.0|64.0|122.0|203.0|207.0|415.0|256.0|
||45-49 ve Okuma Yazma Bilen|125930.0|28065.0|42265.0|13736.0|20174.0|19408.0|347766.0|153906.0|4433.0|10689.0|69024.0|82845.0|12101.0|19120.0|4543.0|13638.0|10728.0|11389.0|17791.0|16332.0|186538.0|34793.0|10268.0|30080.0|66853.0|59275.0|21842.0|26774.0|31619.0|11808.0|33578.0|56797.0|85943.0|26385.0|8285.0|6638.0|86886.0|6973.0|26294.0|910798.0|282752.0|55751.0|15245.0|15029.0|11334.0|20051.0|77032.0|6154.0|17906.0|24053.0|14320.0|108093.0|123917.0|35699.0|42776.0|91188.0|25297.0|110718.0|64085.0|11790.0|17595.0|19761.0|43620.0|29223.0|22956.0|58747.0|77118.0|54591.0|9166.0|10663.0|10700.0|32801.0|61919.0|33717.0|46060.0|4259.0|22686.0|31106.0|14811.0|22279.0|39205.0|
||45-49 ve Okuma Yazma Bilmeyen|3180.0|1277.0|391.0|2005.0|355.0|142.0|2524.0|805.0|142.0|107.0|514.0|656.0|167.0|2051.0|63.0|86.0|785.0|1127.0|125.0|175.0|1976.0|235.0|113.0|401.0|390.0|7499.0|254.0|442.0|898.0|274.0|1608.0|400.0|2572.0|419.0|85.0|1161.0|1203.0|651.0|234.0|11414.0|2113.0|1985.0|153.0|120.0|583.0|362.0|757.0|131.0|99.0|280.0|102.0|1104.0|1147.0|204.0|1251.0|1000.0|4243.0|1621.0|459.0|1747.0|133.0|319.0|786.0|832.0|230.0|572.0|674.0|10017.0|1526.0|141.0|2694.0|633.0|547.0|356.0|525.0|84.0|138.0|3518.0|154.0|299.0|691.0|
||50-54 ve Bilinmeyen|895.0|167.0|238.0|289.0|308.0|75.0|3518.0|2063.0|109.0|52.0|758.0|630.0|123.0|254.0|59.0|34.0|79.0|74.0|93.0|121.0|1332.0|174.0|82.0|221.0|445.0|228.0|173.0|124.0|299.0|132.0|376.0|611.0|841.0|339.0|753.0|132.0|913.0|121.0|180.0|10590.0|1958.0|641.0|45.0|149.0|216.0|100.0|778.0|44.0|89.0|127.0|165.0|742.0|944.0|90.0|338.0|247.0|542.0|839.0|750.0|173.0|140.0|86.0|399.0|313.0|102.0|540.0|682.0|523.0|81.0|89.0|275.0|439.0|445.0|151.0|481.0|83.0|170.0|267.0|238.0|478.0|287.0|
||50-54 ve Okuma Yazma Bilen|125892.0|25946.0|42603.0|16236.0|20851.0|21981.0|340503.0|145598.0|5306.0|11806.0|71585.0|85030.0|12232.0|17137.0|4993.0|13461.0|10909.0|11433.0|18536.0|17606.0|178388.0|35948.0|11828.0|33977.0|64544.0|54547.0|22988.0|29133.0|32779.0|12217.0|35409.0|56784.0|81067.0|30462.0|9646.0|6964.0|86652.0|7266.0|26779.0|836789.0|280258.0|50972.0|15066.0|14250.0|12996.0|23540.0|75453.0|6442.0|18837.0|24318.0|15308.0|103229.0|121861.0|38404.0|43966.0|92544.0|22278.0|111534.0|63228.0|12216.0|17793.0|19761.0|52148.0|28711.0|22441.0|58061.0|88324.0|53589.0|8679.0|13573.0|9622.0|34211.0|58799.0|38700.0|51032.0|4595.0|23507.0|35397.0|14999.0|25897.0|39694.0|
||50-54 ve Okuma Yazma Bilmeyen|4778.0|2264.0|740.0|3237.0|714.0|312.0|4768.0|1294.0|302.0|205.0|824.0|1010.0|297.0|2361.0|165.0|143.0|1421.0|1543.0|271.0|250.0|3854.0|298.0|290.0|848.0|703.0|9296.0|491.0|611.0|1651.0|579.0|2913.0|691.0|4468.0|928.0|219.0|1613.0|2249.0|1044.0|450.0|21380.0|3777.0|3199.0|347.0|139.0|1187.0|702.0|1575.0|258.0|204.0|352.0|196.0|2236.0|2248.0|355.0|2158.0|1597.0|5183.0|2580.0|641.0|2447.0|321.0|575.0|2074.0|1409.0|479.0|1141.0|1495.0|13110.0|1818.0|307.0|2726.0|1312.0|949.0|738.0|1230.0|196.0|277.0|5953.0|246.0|713.0|1484.0|
||55-59 ve Bilinmeyen|839.0|139.0|201.0|227.0|277.0|87.0|3428.0|1870.0|49.0|45.0|744.0|727.0|90.0|191.0|42.0|56.0|62.0|33.0|87.0|98.0|1267.0|169.0|74.0|202.0|443.0|155.0|157.0|142.0|198.0|93.0|256.0|640.0|619.0|286.0|268.0|71.0|789.0|108.0|190.0|9259.0|1978.0|506.0|47.0|146.0|187.0|113.0|764.0|29.0|58.0|111.0|132.0|629.0|813.0|71.0|281.0|200.0|400.0|751.0|784.0|88.0|108.0|45.0|273.0|274.0|93.0|525.0|491.0|459.0|48.0|103.0|186.0|452.0|493.0|106.0|355.0|62.0|183.0|216.0|252.0|431.0|216.0|
||55-59 ve Okuma Yazma Bilen|95616.0|17016.0|35675.0|9226.0|14758.0|18049.0|257551.0|108264.0|3638.0|9360.0|64911.0|78684.0|11724.0|9564.0|3621.0|11614.0|6564.0|6641.0|15452.0|15456.0|143377.0|33956.0|9885.0|27199.0|52834.0|31561.0|18274.0|28484.0|23968.0|9342.0|22896.0|47153.0|52627.0|26810.0|7097.0|4131.0|62776.0|5095.0|23550.0|603739.0|236428.0|35634.0|12844.0|10863.0|8716.0|21871.0|58519.0|4182.0|15014.0|23688.0|12611.0|77428.0|93938.0|33845.0|30559.0|78306.0|13137.0|83751.0|51830.0|7201.0|14339.0|14638.0|39136.0|20311.0|17876.0|48025.0|66831.0|31198.0|5282.0|12108.0|5112.0|27880.0|48155.0|31303.0|40712.0|3322.0|19611.0|20116.0|13193.0|19676.0|36646.0|
||55-59 ve Okuma Yazma Bilmeyen|5846.0|3015.0|1021.0|2742.0|978.0|458.0|6497.0|1540.0|356.0|280.0|1111.0|1395.0|510.0|2140.0|261.0|193.0|1474.0|1400.0|393.0|408.0|4685.0|376.0|371.0|1353.0|920.0|8603.0|830.0|796.0|1984.0|826.0|2870.0|887.0|5518.0|1507.0|328.0|1344.0|2967.0|1087.0|726.0|24752.0|4496.0|4082.0|580.0|231.0|1379.0|1172.0|2173.0|298.0|375.0|402.0|339.0|2955.0|3087.0|565.0|2755.0|2038.0|4513.0|2843.0|866.0|2134.0|458.0|705.0|2897.0|1875.0|778.0|1738.0|2160.0|11563.0|1554.0|442.0|2067.0|1932.0|1117.0|978.0|1853.0|275.0|462.0|5069.0|302.0|919.0|2922.0|
||60-64 ve Bilinmeyen|878.0|148.0|276.0|307.0|261.0|83.0|3479.0|1745.0|89.0|34.0|808.0|793.0|75.0|221.0|61.0|48.0|62.0|73.0|107.0|94.0|1313.0|148.0|71.0|219.0|419.0|202.0|161.0|101.0|222.0|157.0|330.0|635.0|630.0|255.0|229.0|78.0|777.0|140.0|247.0|8867.0|1808.0|652.0|40.0|159.0|208.0|128.0|865.0|29.0|65.0|138.0|130.0|642.0|811.0|118.0|344.0|207.0|385.0|752.0|715.0|139.0|158.0|49.0|333.0|318.0|109.0|506.0|459.0|390.0|91.0|152.0|197.0|624.0|480.0|129.0|388.0|78.0|205.0|220.0|267.0|559.0|194.0|
||60-64 ve Okuma Yazma Bilen|83401.0|14434.0|32828.0|8401.0|13198.0|17716.0|212141.0|90950.0|3804.0|9716.0|57670.0|71355.0|11541.0|8360.0|3633.0|9777.0|5709.0|6244.0|15345.0|14635.0|120562.0|31000.0|10863.0|27152.0|46241.0|24909.0|16378.0|25090.0|21201.0|8855.0|22413.0|41286.0|42166.0|24807.0|6743.0|3011.0|53129.0|4588.0|22001.0|480370.0|207047.0|32167.0|12394.0|10183.0|7101.0|22935.0|49745.0|3804.0|13472.0|21081.0|11163.0|64505.0|85487.0|31444.0|28268.0|69820.0|10400.0|74155.0|44620.0|6732.0|12852.0|13035.0|37119.0|18318.0|15603.0|41702.0|63340.0|23046.0|4765.0|13191.0|4687.0|26173.0|40614.0|31975.0|36738.0|3539.0|17828.0|16067.0|11557.0|19629.0|31028.0|
||60-64 ve Okuma Yazma Bilmeyen|8809.0|4903.0|1900.0|4273.0|1590.0|898.0|11687.0|2194.0|738.0|521.0|1717.0|2257.0|961.0|3153.0|494.0|273.0|2112.0|2341.0|921.0|649.0|7838.0|537.0|881.0|2741.0|1447.0|10937.0|1305.0|1070.0|3172.0|1437.0|4771.0|1402.0|8338.0|2828.0|628.0|1485.0|4238.0|1538.0|1183.0|37450.0|6587.0|7192.0|1149.0|521.0|1973.0|2359.0|3595.0|528.0|757.0|519.0|712.0|4941.0|5494.0|1024.0|4948.0|3238.0|5795.0|4118.0|1221.0|3334.0|784.0|1106.0|5715.0|3176.0|1283.0|2817.0|4134.0|11733.0|2260.0|978.0|2891.0|3625.0|1563.0|2013.0|3273.0|606.0|926.0|6480.0|480.0|2012.0|4655.0|
||6-13 ve Bilinmeyen|3.0|||1.0||1.0|7.0|1.0|||8.0|3.0|9.0|2.0||||||1.0|3.0|2.0|1.0|1.0|25.0|1.0|1.0|1.0|||||||||1.0|||9.0|9.0|||||3.0|||||||7.0|12.0|1.0|5.0|1.0|8.0|2.0|1.0||4.0|4.0|3.0|||32.0|1.0||||3.0|6.0|12.0|11.0|||||||
||6-13 ve Okuma Yazma Bilen|295992.0|93884.0|85454.0|101954.0|53162.0|33506.0|595195.0|269314.0|12072.0|15216.0|109129.0|109710.0|18133.0|108582.0|10046.0|21049.0|38637.0|61030.0|28212.0|24997.0|330667.0|43810.0|17498.0|55789.0|109592.0|290713.0|41593.0|32599.0|71034.0|22989.0|106761.0|78936.0|334247.0|42487.0|18466.0|47132.0|234459.0|31026.0|43973.0|1705281.0|419227.0|173493.0|21303.0|29609.0|43555.0|34241.0|182170.0|19620.0|28649.0|29261.0|23803.0|223335.0|281763.0|55410.0|101032.0|152680.0|144685.0|223401.0|92115.0|77533.0|33907.0|46559.0|80461.0|76767.0|34095.0|111475.0|144454.0|388398.0|61777.0|19235.0|100129.0|73035.0|108601.0|68144.0|83080.0|5669.0|36580.0|205115.0|24124.0|50802.0|61896.0|
||6-13 ve Okuma Yazma Bilmeyen|574.0|112.0|146.0|71.0|103.0|131.0|1227.0|1414.0|8.0|30.0|325.0|337.0|47.0|65.0|9.0|67.0|17.0|65.0|88.0|187.0|831.0|183.0|43.0|167.0|507.0|250.0|94.0|123.0|98.0|93.0|123.0|303.0|312.0|112.0|22.0|16.0|477.0|31.0|202.0|2226.0|1349.0|319.0|63.0|77.0|45.0|58.0|265.0|25.0|55.0|101.0|75.0|446.0|643.0|140.0|195.0|357.0|78.0|815.0|331.0|41.0|109.0|114.0|106.0|374.0|83.0|201.0|374.0|192.0|71.0|59.0|23.0|66.0|301.0|264.0|249.0|20.0|100.0|147.0|80.0|88.0|84.0|
||65+ ve Bilinmeyen|1578.0|226.0|561.0|885.0|565.0|324.0|8086.0|3310.0|264.0|142.0|1756.0|2415.0|204.0|460.0|239.0|105.0|168.0|193.0|271.0|254.0|2899.0|384.0|166.0|689.0|930.0|589.0|317.0|297.0|520.0|586.0|1283.0|1294.0|1640.0|657.0|534.0|270.0|1435.0|328.0|663.0|18066.0|3590.0|1749.0|120.0|351.0|560.0|389.0|2764.0|52.0|164.0|341.0|286.0|1470.0|1563.0|418.0|896.0|391.0|1207.0|1354.0|1488.0|414.0|475.0|152.0|646.0|707.0|330.0|974.0|1045.0|1412.0|137.0|383.0|583.0|3002.0|1161.0|410.0|974.0|194.0|405.0|625.0|809.0|1938.0|555.0|
||65+ ve Okuma Yazma Bilen|116147.0|20503.0|59672.0|9870.0|21784.0|36494.0|343785.0|152583.0|7721.0|21117.0|110579.0|146301.0|19043.0|10016.0|6143.0|20048.0|8249.0|8060.0|30091.0|31624.0|196952.0|66851.0|22018.0|54007.0|90897.0|34408.0|26458.0|45988.0|38269.0|17492.0|39111.0|77447.0|59613.0|51136.0|12610.0|3703.0|85628.0|6119.0|42082.0|764079.0|390138.0|48514.0|21173.0|20397.0|12868.0|45521.0|81718.0|7189.0|22793.0|38864.0|18864.0|96017.0|153578.0|58959.0|43627.0|123946.0|15818.0|124728.0|89848.0|7828.0|25079.0|24373.0|65773.0|23705.0|30637.0|67774.0|115068.0|30303.0|5881.0|30231.0|4934.0|47540.0|67832.0|63135.0|64753.0|6585.0|34323.0|19753.0|22414.0|36127.0|45240.0|
||65+ ve Okuma Yazma Bilmeyen|41268.0|22982.0|13611.0|11791.0|11328.0|8178.0|66959.0|15972.0|4075.0|4463.0|15238.0|18805.0|6021.0|13375.0|2706.0|3081.0|9066.0|7835.0|7549.0|4885.0|44326.0|5227.0|6038.0|18582.0|9513.0|41022.0|7534.0|6567.0|13113.0|8238.0|21713.0|10789.0|38229.0|14972.0|4604.0|4733.0|17202.0|5017.0|7568.0|151207.0|36891.0|31641.0|8279.0|4075.0|8798.0|16244.0|23338.0|3502.0|7364.0|4728.0|5987.0|23696.0|31153.0|9405.0|28986.0|21007.0|24243.0|19385.0|10003.0|9797.0|6247.0|8104.0|31213.0|14224.0|8304.0|17627.0|21889.0|39867.0|8592.0|6509.0|9717.0|23261.0|7472.0|11517.0|23778.0|3994.0|5376.0|19193.0|2941.0|12205.0|19649.0|
2017|Bebek Ölüm Hızı (Binde)|Ölçüm bazında|9.0|10.9|8.6|12.9|9.2|5.3|7.1|7.4|9.9|10.0|7.3|7.3|6.3|11.7|8.8|10.2|12.5|14.2|5.6|10.4|6.8|6.4|4.6|6.3|7.8|9.8|6.9|5.8|10.9|8.1|12.5|5.2|12.8|8.1|6.4|16.7|10.6|9.3|8.5|7.4|6.8|10.3|5.2|8.0|7.8|7.3|8.7|17.2|9.4|8.6|8.4|7.2|9.6|9.8|9.2|11.0|13.6|9.3|6.5|14.9|10.0|8.1|10.1|9.1|9.6|9.4|7.3|14.4|12.8|6.7|13.0|9.1|8.3|8.8|8.8|10.8|5.8|11.9|9.9|7.3|9.9|
|Okuma Yazma Durumu|14-17 ve Bilinmeyen|290.0|90.0|147.0|82.0|143.0|14.0|431.0|225.0|1.0|4.0|89.0|76.0|18.0|129.0|38.0|5.0|40.0|34.0|15.0|29.0|249.0|22.0|52.0|56.0|121.0|154.0|46.0|25.0|44.0|64.0|80.0|152.0|641.0|71.0|1102.0|351.0|458.0|64.0|27.0|2297.0|447.0|177.0|4.0|37.0|28.0|12.0|177.0|174.0|19.0|28.0|27.0|202.0|312.0|52.0|88.0|48.0|417.0|273.0|130.0|44.0|42.0|35.0|134.0|91.0|20.0|133.0|125.0|491.0|42.0|24.0|303.0|64.0|65.0|102.0|92.0|6.0|67.0|231.0|73.0|699.0|73.0|
||14-17 ve Okuma Yazma Bilen|146594.0|47842.0|43754.0|52607.0|26453.0|18639.0|300980.0|132109.0|6488.0|8505.0|56967.0|59133.0|10189.0|55341.0|4742.0|10988.0|19151.0|31394.0|14904.0|13708.0|165828.0|22950.0|9182.0|30444.0|57332.0|143582.0|22354.0|17096.0|37308.0|12815.0|57440.0|41988.0|151808.0|24085.0|8957.0|24848.0|113504.0|16334.0|22593.0|840168.0|210624.0|86019.0|11875.0|15638.0|21624.0|18168.0|89323.0|9649.0|16385.0|15910.0|13237.0|110837.0|143142.0|29146.0|52264.0|77737.0|72146.0|114023.0|45698.0|39781.0|17645.0|24085.0|44668.0|38111.0|18861.0|60005.0|80802.0|176149.0|30806.0|10421.0|48005.0|39155.0|54293.0|38437.0|45053.0|2977.0|19314.0|103243.0|12783.0|26673.0|32539.0|
||14-17 ve Okuma Yazma Bilmeyen|10.0|2.0|8.0|4.0|1.0||3.0|7.0||||6.0||18.0|||14.0|23.0|||7.0||1.0||10.0|45.0|3.0|2.0|1.0||16.0|3.0|3.0|5.0||57.0|6.0|15.0|1.0|68.0|6.0|2.0|2.0|2.0|4.0||16.0|||||16.0|11.0|5.0|7.0|1.0|50.0|8.0|1.0|10.0|6.0|3.0|3.0|9.0||13.0|2.0|107.0|13.0|4.0|40.0|1.0|8.0|13.0|1.0||2.0|133.0|6.0|76.0|5.0|
||18-21 ve Bilinmeyen|356.0|53.0|133.0|106.0|121.0|19.0|507.0|307.0|5.0|6.0|120.0|123.0|20.0|188.0|32.0|13.0|43.0|55.0|30.0|27.0|282.0|32.0|44.0|76.0|139.0|127.0|46.0|21.0|51.0|63.0|114.0|192.0|537.0|75.0|1094.0|202.0|386.0|43.0|20.0|2495.0|515.0|196.0|16.0|52.0|47.0|15.0|233.0|109.0|19.0|32.0|29.0|217.0|393.0|44.0|93.0|87.0|467.0|302.0|180.0|94.0|46.0|25.0|115.0|132.0|22.0|183.0|146.0|485.0|69.0|23.0|283.0|95.0|89.0|55.0|101.0|7.0|55.0|294.0|51.0|436.0|46.0|
||18-21 ve Okuma Yazma Bilen|133400.0|43722.0|48524.0|46644.0|27984.0|21630.0|328282.0|127670.0|7010.0|10447.0|62461.0|66134.0|12482.0|46610.0|9627.0|17627.0|22618.0|28485.0|23965.0|21592.0|155789.0|38627.0|12893.0|29468.0|61858.0|129277.0|25828.0|31614.0|42759.0|22356.0|66134.0|55767.0|137411.0|28475.0|15485.0|28917.0|96887.0|15201.0|36693.0|878086.0|235841.0|71518.0|22006.0|16595.0|24393.0|24041.0|89311.0|11383.0|22440.0|24268.0|15836.0|110812.0|154449.0|35888.0|53067.0|81414.0|63995.0|102726.0|48247.0|33115.0|19704.0|26676.0|41435.0|32559.0|21605.0|63961.0|78947.0|146092.0|30652.0|11750.0|49322.0|47444.0|55823.0|40946.0|53539.0|7595.0|24146.0|91955.0|14705.0|27160.0|34254.0|
||18-21 ve Okuma Yazma Bilmeyen|327.0|42.0|28.0|62.0|8.0|5.0|71.0|42.0|7.0|1.0|14.0|48.0|1.0|174.0|4.0|4.0|104.0|161.0|||97.0|12.0|5.0|8.0|37.0|540.0|7.0|29.0|11.0|2.0|85.0|25.0|49.0|2.0|1.0|230.0|46.0|89.0|1.0|746.0|114.0|19.0|8.0|4.0|88.0|7.0|51.0|21.0|3.0|19.0|6.0|129.0|61.0|15.0|59.0|24.0|362.0|72.0|17.0|53.0|17.0|9.0|6.0|70.0|6.0|62.0|15.0|1449.0|262.0|11.0|284.0|6.0|78.0|15.0|5.0||10.0|1317.0|9.0|70.0|6.0|
||22-24 ve Bilinmeyen|269.0|33.0|100.0|278.0|114.0|11.0|623.0|373.0|16.0|11.0|102.0|114.0|15.0|151.0|21.0|5.0|39.0|52.0|20.0|22.0|333.0|32.0|22.0|60.0|100.0|92.0|26.0|22.0|58.0|53.0|145.0|161.0|388.0|44.0|750.0|108.0|389.0|69.0|49.0|2550.0|430.0|190.0|4.0|39.0|86.0|14.0|207.0|93.0|27.0|27.0|25.0|196.0|387.0|25.0|61.0|65.0|357.0|297.0|133.0|116.0|27.0|18.0|65.0|85.0|25.0|139.0|87.0|498.0|63.0|13.0|176.0|92.0|102.0|22.0|85.0|7.0|35.0|225.0|54.0|230.0|35.0|
||22-24 ve Okuma Yazma Bilen|98655.0|30940.0|31785.0|29898.0|18505.0|13440.0|248342.0|96751.0|5144.0|7087.0|45878.0|46611.0|8076.0|32474.0|5367.0|11517.0|16503.0|19769.0|14858.0|12067.0|123694.0|23841.0|8354.0|20801.0|43677.0|91231.0|17717.0|18142.0|30481.0|13642.0|42664.0|41700.0|98326.0|19159.0|10669.0|21831.0|66756.0|10540.0|20541.0|696314.0|186534.0|49883.0|13938.0|11391.0|16185.0|15661.0|62766.0|7497.0|12958.0|15835.0|10583.0|86242.0|103837.0|25273.0|36499.0|59751.0|43436.0|77742.0|36714.0|22112.0|12807.0|17094.0|31155.0|22875.0|15120.0|44150.0|58942.0|100603.0|19428.0|8234.0|32263.0|30843.0|44569.0|27234.0|36048.0|5800.0|15328.0|62741.0|9969.0|18366.0|23030.0|
||22-24 ve Okuma Yazma Bilmeyen|806.0|89.0|79.0|654.0|49.0|22.0|470.0|198.0|23.0|8.0|98.0|119.0|9.0|472.0|7.0|22.0|186.0|451.0|13.0|18.0|392.0|50.0|21.0|43.0|93.0|1786.0|37.0|87.0|113.0|18.0|334.0|81.0|281.0|31.0|10.0|408.0|212.0|161.0|26.0|2538.0|412.0|229.0|19.0|19.0|148.0|38.0|147.0|29.0|24.0|48.0|28.0|290.0|227.0|35.0|92.0|156.0|957.0|407.0|67.0|521.0|26.0|37.0|61.0|165.0|21.0|132.0|97.0|3941.0|492.0|18.0|866.0|47.0|219.0|61.0|87.0|8.0|21.0|2066.0|30.0|62.0|50.0|
||25-29 ve Bilinmeyen|644.0|122.0|200.0|1066.0|212.0|33.0|2892.0|1300.0|80.0|23.0|320.0|279.0|28.0|418.0|35.0|24.0|67.0|126.0|50.0|46.0|1118.0|80.0|44.0|132.0|277.0|299.0|79.0|78.0|176.0|139.0|526.0|365.0|1025.0|157.0|1119.0|269.0|1135.0|269.0|110.0|8514.0|1254.0|443.0|19.0|85.0|380.0|41.0|625.0|165.0|57.0|84.0|77.0|570.0|862.0|51.0|169.0|158.0|861.0|758.0|354.0|332.0|60.0|47.0|183.0|212.0|51.0|323.0|209.0|1214.0|110.0|26.0|521.0|301.0|356.0|74.0|211.0|27.0|80.0|568.0|120.0|453.0|82.0|
||25-29 ve Okuma Yazma Bilen|158098.0|46130.0|48492.0|41868.0|28247.0|21171.0|422139.0|166066.0|6861.0|11285.0|71913.0|75811.0|12110.0|49334.0|5956.0|16915.0|25357.0|29527.0|20691.0|16003.0|215376.0|34079.0|12096.0|32039.0|68742.0|144684.0|27744.0|27286.0|42009.0|17351.0|56498.0|63156.0|155041.0|26990.0|12313.0|29999.0|105554.0|14795.0|28329.0|1221071.0|315331.0|77511.0|16273.0|16988.0|22351.0|22834.0|97636.0|10112.0|18334.0|25351.0|15773.0|154449.0|153503.0|40354.0|54226.0|98428.0|64803.0|123509.0|61643.0|32705.0|19042.0|23941.0|46994.0|35198.0|22549.0|70926.0|87930.0|149672.0|26360.0|13074.0|46221.0|43854.0|80805.0|38381.0|53908.0|8281.0|23459.0|93653.0|16298.0|27750.0|37378.0|
||25-29 ve Okuma Yazma Bilmeyen|2438.0|287.0|226.0|2624.0|155.0|85.0|1727.0|751.0|65.0|57.0|398.0|403.0|78.0|1640.0|35.0|74.0|477.0|1055.0|56.0|62.0|1531.0|208.0|66.0|156.0|271.0|6528.0|145.0|235.0|402.0|118.0|1086.0|318.0|1223.0|149.0|54.0|959.0|792.0|525.0|112.0|9784.0|1585.0|822.0|74.0|43.0|517.0|162.0|435.0|69.0|81.0|150.0|89.0|886.0|825.0|144.0|429.0|647.0|2975.0|1446.0|330.0|1963.0|95.0|162.0|291.0|496.0|90.0|362.0|354.0|11852.0|1277.0|99.0|2568.0|206.0|549.0|194.0|270.0|19.0|75.0|5090.0|129.0|207.0|258.0|
||30-34 ve Bilinmeyen|831.0|195.0|207.0|841.0|310.0|52.0|3411.0|2235.0|79.0|29.0|378.0|342.0|44.0|499.0|35.0|52.0|144.0|112.0|95.0|68.0|1496.0|93.0|73.0|133.0|319.0|385.0|118.0|108.0|266.0|152.0|542.0|413.0|1221.0|195.0|1176.0|262.0|2027.0|288.0|140.0|12230.0|1797.0|720.0|34.0|97.0|429.0|76.0|658.0|209.0|75.0|98.0|80.0|750.0|1003.0|64.0|302.0|219.0|1180.0|973.0|573.0|262.0|64.0|53.0|310.0|333.0|87.0|386.0|282.0|1576.0|148.0|60.0|538.0|350.0|466.0|110.0|307.0|47.0|94.0|661.0|160.0|517.0|126.0|
||30-34 ve Okuma Yazma Bilen|164995.0|44853.0|50890.0|30232.0|28677.0|22246.0|439835.0|185018.0|6336.0|10913.0|74518.0|78783.0|13358.0|37796.0|5310.0|16703.0|20221.0|21761.0|20702.0|16161.0|235389.0|35260.0|11444.0|33930.0|75741.0|119409.0|27320.0|26717.0|42811.0|15575.0|51990.0|63504.0|152059.0|26486.0|10216.0|17576.0|113023.0|12814.0|28857.0|1296920.0|333084.0|82713.0|15280.0|18059.0|18419.0|23833.0|105488.0|8785.0|18283.0|24802.0|15304.0|163507.0|160042.0|40888.0|56940.0|104944.0|52602.0|127900.0|69113.0|23847.0|21058.0|24124.0|47549.0|37047.0|22555.0|71840.0|88977.0|119148.0|19102.0|12847.0|28714.0|42136.0|85358.0|38648.0|54938.0|6428.0|26278.0|73040.0|16709.0|26737.0|42955.0|
||30-34 ve Okuma Yazma Bilmeyen|2877.0|421.0|294.0|2532.0|174.0|113.0|1882.0|827.0|85.0|64.0|474.0|472.0|129.0|1879.0|47.0|91.0|555.0|1016.0|99.0|91.0|1666.0|229.0|100.0|252.0|378.0|7632.0|173.0|294.0|533.0|123.0|1319.0|382.0|1348.0|246.0|61.0|1232.0|905.0|698.0|147.0|10708.0|1813.0|944.0|98.0|102.0|566.0|230.0|553.0|78.0|86.0|171.0|104.0|904.0|942.0|194.0|557.0|761.0|3507.0|1549.0|398.0|1929.0|134.0|214.0|438.0|611.0|152.0|495.0|433.0|12365.0|1627.0|139.0|2897.0|307.0|587.0|244.0|336.0|56.0|98.0|4838.0|130.0|209.0|376.0|
||35-39 ve Bilinmeyen|845.0|185.0|179.0|597.0|292.0|57.0|2501.0|2027.0|68.0|28.0|425.0|295.0|61.0|473.0|40.0|28.0|116.0|106.0|69.0|76.0|1083.0|92.0|73.0|155.0|316.0|379.0|102.0|127.0|278.0|135.0|435.0|422.0|1004.0|197.0|1351.0|310.0|1659.0|280.0|121.0|11036.0|1609.0|556.0|27.0|98.0|301.0|62.0|557.0|178.0|45.0|105.0|69.0|649.0|970.0|82.0|292.0|194.0|945.0|990.0|653.0|236.0|78.0|51.0|251.0|288.0|83.0|373.0|326.0|1213.0|143.0|57.0|539.0|277.0|376.0|103.0|337.0|57.0|110.0|505.0|175.0|396.0|131.0|
||35-39 ve Okuma Yazma Bilen|174606.0|44909.0|52237.0|30317.0|29825.0|23657.0|457382.0|203452.0|6563.0|11124.0|80837.0|87578.0|14419.0|39159.0|4868.0|17145.0|20466.0|21058.0|22651.0|17764.0|253249.0|39400.0|11738.0|37819.0|84693.0|115759.0|29740.0|28452.0|44124.0|15790.0|50915.0|66851.0|145766.0|28364.0|9672.0|17724.0|117915.0|12628.0|30859.0|1365858.0|363903.0|85649.0|16355.0|17967.0|19155.0|25343.0|109877.0|8674.0|18759.0|27603.0|15952.0|170838.0|160166.0|42489.0|60849.0|110536.0|48254.0|137804.0|77632.0|23379.0|21386.0|25409.0|52773.0|39593.0|23680.0|79148.0|99260.0|104618.0|17743.0|13262.0|26003.0|42798.0|91124.0|41202.0|56816.0|6124.0|27923.0|68274.0|18260.0|27026.0|48095.0|
||35-39 ve Okuma Yazma Bilmeyen|2844.0|513.0|300.0|2825.0|229.0|155.0|1959.0|872.0|112.0|82.0|443.0|503.0|148.0|2442.0|43.0|98.0|646.0|1163.0|100.0|123.0|1667.0|246.0|92.0|268.0|370.0|8423.0|212.0|343.0|592.0|189.0|1626.0|345.0|1481.0|278.0|74.0|1797.0|923.0|841.0|180.0|10378.0|1825.0|1108.0|124.0|92.0|644.0|248.0|538.0|103.0|88.0|208.0|130.0|929.0|932.0|176.0|749.0|822.0|4276.0|1640.0|370.0|2061.0|132.0|228.0|543.0|671.0|184.0|548.0|529.0|13159.0|1976.0|141.0|3760.0|360.0|549.0|254.0|404.0|57.0|101.0|5137.0|121.0|236.0|411.0|
||40-44 ve Bilinmeyen|880.0|182.0|208.0|380.0|280.0|45.0|2327.0|1829.0|65.0|35.0|460.0|359.0|100.0|414.0|57.0|31.0|114.0|106.0|88.0|64.0|1056.0|126.0|50.0|160.0|326.0|376.0|116.0|106.0|238.0|116.0|323.0|425.0|875.0|192.0|1448.0|226.0|1168.0|247.0|108.0|10390.0|1707.0|567.0|34.0|98.0|222.0|65.0|562.0|128.0|43.0|99.0|114.0|681.0|797.0|106.0|271.0|201.0|775.0|933.0|590.0|229.0|77.0|52.0|259.0|230.0|82.0|412.0|349.0|823.0|155.0|73.0|500.0|255.0|337.0|115.0|338.0|78.0|108.0|355.0|183.0|362.0|189.0|
||40-44 ve Okuma Yazma Bilen|154837.0|37173.0|45725.0|21892.0|25895.0|21607.0|410547.0|186087.0|5988.0|10769.0|75019.0|86738.0|13676.0|27872.0|4483.0|15037.0|15570.0|15706.0|20825.0|17786.0|223455.0|36815.0|10869.0|34951.0|76585.0|85726.0|27032.0|27559.0|39095.0|14140.0|43502.0|63068.0|120447.0|27119.0|8948.0|11163.0|105343.0|9881.0|29015.0|1168873.0|330587.0|70984.0|16330.0|16393.0|15696.0|22580.0|95850.0|7482.0|17783.0|25624.0|15016.0|143252.0|141448.0|39909.0|54016.0|100740.0|37044.0|128387.0|73655.0|17126.0|19432.0|22816.0|49814.0|34858.0|22874.0|70747.0|90554.0|79756.0|12842.0|12015.0|16777.0|38005.0|76636.0|39005.0|52264.0|5159.0|25955.0|48951.0|17102.0|24973.0|44178.0|
||40-44 ve Okuma Yazma Bilmeyen|2684.0|677.0|247.0|2282.0|236.0|121.0|1686.0|738.0|80.0|73.0|417.0|562.0|137.0|1750.0|60.0|76.0|653.0|958.0|104.0|116.0|1578.0|209.0|106.0|277.0|337.0|6928.0|183.0|356.0|737.0|217.0|1517.0|376.0|1662.0|269.0|78.0|1211.0|870.0|765.0|163.0|8806.0|1734.0|1144.0|107.0|88.0|563.0|294.0|626.0|86.0|87.0|204.0|123.0|900.0|810.0|157.0|855.0|806.0|4169.0|1359.0|333.0|1780.0|124.0|227.0|611.0|615.0|151.0|506.0|506.0|11003.0|1321.0|111.0|2728.0|426.0|451.0|256.0|395.0|50.0|86.0|3956.0|124.0|220.0|440.0|
||45-49 ve Bilinmeyen|807.0|139.0|244.0|224.0|321.0|76.0|2645.0|1806.0|63.0|31.0|530.0|484.0|146.0|316.0|48.0|41.0|115.0|66.0|85.0|94.0|1202.0|136.0|55.0|190.0|384.0|255.0|148.0|121.0|233.0|149.0|274.0|505.0|765.0|271.0|1331.0|155.0|1013.0|186.0|161.0|10081.0|1877.0|504.0|59.0|115.0|155.0|90.0|614.0|106.0|74.0|104.0|96.0|659.0|837.0|108.0|312.0|248.0|633.0|895.0|666.0|139.0|111.0|64.0|258.0|221.0|108.0|445.0|490.0|601.0|96.0|90.0|366.0|311.0|348.0|118.0|377.0|66.0|136.0|228.0|215.0|359.0|248.0|
||45-49 ve Okuma Yazma Bilen|133254.0|30406.0|43764.0|16314.0|22162.0|20458.0|368564.0|165119.0|5092.0|11177.0|71573.0|84849.0|12557.0|21354.0|4117.0|14304.0|12313.0|12650.0|19002.0|16937.0|197685.0|35823.0|10676.0|32049.0|69542.0|66060.0|23836.0|26780.0|34296.0|12706.0|36932.0|58903.0|93294.0|26490.0|8446.0|7625.0|91801.0|7985.0|27327.0|980749.0|296654.0|60331.0|15750.0|15677.0|12697.0|20867.0|82883.0|6710.0|18245.0|24570.0|14617.0|117439.0|129770.0|37030.0|46309.0|94107.0|28456.0|116804.0|67738.0|13166.0|18111.0|21212.0|45961.0|31525.0|23840.0|63047.0|82500.0|59888.0|10134.0|11347.0|12231.0|34728.0|66597.0|35923.0|48729.0|4670.0|23927.0|37129.0|15996.0|23444.0|40076.0|
||45-49 ve Okuma Yazma Bilmeyen|3156.0|1112.0|363.0|2215.0|335.0|137.0|2469.0|841.0|136.0|112.0|511.0|619.0|173.0|1950.0|58.0|85.0|744.0|1074.0|132.0|170.0|1956.0|233.0|115.0|381.0|376.0|7313.0|239.0|441.0|903.0|260.0|1673.0|395.0|2382.0|411.0|96.0|1064.0|1135.0|693.0|229.0|11160.0|2110.0|1892.0|157.0|112.0|658.0|351.0|734.0|114.0|100.0|260.0|114.0|1086.0|1122.0|198.0|1201.0|965.0|4328.0|1582.0|417.0|1736.0|127.0|308.0|796.0|794.0|234.0|566.0|657.0|10157.0|1446.0|138.0|2633.0|604.0|570.0|359.0|489.0|95.0|128.0|3874.0|146.0|293.0|606.0|
||50-54 ve Bilinmeyen|932.0|172.0|250.0|255.0|344.0|97.0|3233.0|2063.0|94.0|47.0|771.0|665.0|152.0|263.0|66.0|41.0|92.0|81.0|94.0|133.0|1358.0|184.0|81.0|229.0|510.0|243.0|191.0|148.0|314.0|191.0|331.0|613.0|890.0|371.0|1194.0|127.0|1009.0|135.0|172.0|10504.0|1994.0|600.0|50.0|160.0|191.0|102.0|831.0|85.0|98.0|121.0|167.0|769.0|1029.0|111.0|332.0|257.0|581.0|960.0|759.0|163.0|156.0|81.0|364.0|290.0|111.0|558.0|731.0|587.0|81.0|111.0|321.0|454.0|388.0|148.0|511.0|76.0|202.0|256.0|247.0|413.0|313.0|
||50-54 ve Okuma Yazma Bilen|123629.0|26040.0|41171.0|14889.0|20320.0|21164.0|335809.0|144770.0|4962.0|11203.0|70138.0|84143.0|12194.0|17326.0|3990.0|13376.0|10763.0|11116.0|17890.0|17051.0|177178.0|36097.0|11485.0|32521.0|63759.0|54225.0|22403.0|28543.0|32031.0|11981.0|33391.0|55784.0|80201.0|29235.0|8873.0|6919.0|86218.0|6950.0|26016.0|830603.0|276179.0|51224.0|14909.0|14069.0|12275.0|22516.0|74269.0|6351.0|18495.0|23958.0|15056.0|103501.0|119660.0|37011.0|42719.0|90939.0|22380.0|110197.0|63383.0|11554.0|17410.0|19412.0|50167.0|28539.0|22310.0|57347.0|85669.0|53022.0|8670.0|12968.0|9945.0|33331.0|59111.0|37223.0|49834.0|4284.0|22872.0|34402.0|14841.0|24741.0|38990.0|
||50-54 ve Okuma Yazma Bilmeyen|4253.0|1987.0|628.0|2764.0|598.0|284.0|4067.0|1118.0|250.0|164.0|726.0|910.0|258.0|2217.0|116.0|125.0|1175.0|1394.0|223.0|212.0|3320.0|275.0|241.0|693.0|600.0|8386.0|415.0|538.0|1443.0|438.0|2402.0|598.0|3983.0|780.0|174.0|1482.0|1944.0|912.0|372.0|18329.0|3356.0|2793.0|282.0|125.0|1004.0|614.0|1366.0|232.0|172.0|325.0|152.0|1921.0|1876.0|311.0|1847.0|1413.0|4785.0|2288.0|596.0|2109.0|271.0|525.0|1672.0|1273.0|371.0|959.0|1293.0|11974.0|1799.0|258.0|2686.0|1126.0|882.0|647.0|1034.0|140.0|242.0|5284.0|220.0|618.0|1245.0|
||55-59 ve Bilinmeyen|937.0|140.0|255.0|231.0|338.0|103.0|3462.0|1959.0|58.0|56.0|861.0|801.0|102.0|196.0|40.0|48.0|76.0|42.0|94.0|125.0|1337.0|191.0|83.0|221.0|517.0|174.0|149.0|166.0|218.0|144.0|273.0|712.0|745.0|370.0|528.0|79.0|870.0|128.0|228.0|9712.0|2123.0|487.0|46.0|199.0|188.0|127.0|827.0|71.0|74.0|102.0|175.0|716.0|1023.0|83.0|310.0|241.0|439.0|881.0|814.0|106.0|132.0|60.0|311.0|247.0|96.0|598.0|595.0|501.0|50.0|115.0|196.0|426.0|434.0|127.0|461.0|72.0|231.0|217.0|261.0|418.0|262.0|
||55-59 ve Okuma Yazma Bilen|101882.0|18800.0|38714.0|10610.0|15874.0|19681.0|276767.0|117399.0|4106.0|9954.0|67943.0|81947.0|12091.0|10926.0|3192.0|12417.0|7393.0|7625.0|16555.0|16298.0|152309.0|34965.0|10762.0|29082.0|56440.0|36040.0|19845.0|29245.0|25973.0|10128.0|25864.0|50915.0|58061.0|27617.0|7298.0|4609.0|68081.0|5576.0|24944.0|646075.0|248751.0|38953.0|13718.0|11767.0|9400.0|23194.0|62496.0|4819.0|15784.0|24522.0|13328.0|83477.0|101999.0|36024.0|33680.0|83152.0|14708.0|89689.0|55376.0|8250.0|15363.0|15889.0|41166.0|22299.0|18817.0|50959.0|72770.0|35091.0|5874.0|13056.0|5963.0|29418.0|51303.0|33675.0|43232.0|3787.0|20868.0|22511.0|14216.0|21093.0|37927.0|
||55-59 ve Okuma Yazma Bilmeyen|5583.0|2805.0|979.0|2888.0|964.0|422.0|6241.0|1576.0|373.0|268.0|1086.0|1344.0|509.0|2105.0|209.0|185.0|1374.0|1445.0|384.0|378.0|4640.0|349.0|371.0|1298.0|867.0|8652.0|789.0|746.0|1941.0|759.0|3012.0|903.0|5216.0|1373.0|299.0|1308.0|2905.0|1092.0|716.0|24241.0|4421.0|3979.0|541.0|220.0|1324.0|1091.0|2027.0|269.0|324.0|375.0|313.0|2921.0|2989.0|525.0|2670.0|1950.0|4565.0|2852.0|826.0|2239.0|431.0|672.0|2792.0|1782.0|760.0|1652.0|2034.0|11815.0|1555.0|431.0|2105.0|1843.0|1138.0|953.0|1730.0|281.0|419.0|5123.0|309.0|862.0|2657.0|
||60-64 ve Bilinmeyen|979.0|149.0|287.0|286.0|333.0|90.0|3513.0|1797.0|82.0|36.0|860.0|837.0|94.0|218.0|56.0|47.0|56.0|64.0|106.0|99.0|1344.0|170.0|72.0|226.0|488.0|213.0|195.0|107.0|250.0|176.0|306.0|675.0|714.0|320.0|379.0|66.0|779.0|132.0|229.0|9154.0|1974.0|530.0|44.0|193.0|192.0|139.0|1014.0|48.0|68.0|119.0|165.0|699.0|867.0|110.0|352.0|208.0|420.0|841.0|763.0|120.0|187.0|49.0|365.0|274.0|113.0|577.0|565.0|415.0|88.0|155.0|212.0|541.0|422.0|133.0|440.0|66.0|259.0|213.0|288.0|530.0|210.0|
||60-64 ve Okuma Yazma Bilen|84331.0|14730.0|32348.0|8490.0|13309.0|17269.0|217725.0|93564.0|3741.0|9695.0|59489.0|71687.0|11586.0|8435.0|2973.0|10025.0|5970.0|6359.0|15254.0|14726.0|123878.0|31250.0|10579.0|26879.0|46388.0|25548.0|16399.0|25524.0|21747.0|8962.0|22287.0|41348.0|42671.0|25387.0|6650.0|3199.0|54622.0|4572.0|21906.0|492548.0|210703.0|32603.0|12258.0|10050.0|7329.0|22847.0|50784.0|3774.0|13523.0|21666.0|11308.0|66927.0|85051.0|30961.0|28409.0|70113.0|10852.0|75309.0|46064.0|6823.0|12822.0|12834.0|37434.0|18401.0|15946.0|42622.0|63184.0|24045.0|4779.0|12905.0|4768.0|26131.0|42235.0|31341.0|37835.0|3507.0|17778.0|16838.0|12187.0|19225.0|31887.0|
||60-64 ve Okuma Yazma Bilmeyen|8060.0|4383.0|1650.0|3941.0|1467.0|781.0|10414.0|2078.0|633.0|460.0|1568.0|1948.0|851.0|2892.0|413.0|248.0|1988.0|2140.0|777.0|607.0|7142.0|510.0|767.0|2407.0|1336.0|9946.0|1250.0|978.0|2981.0|1224.0|4247.0|1253.0|7557.0|2610.0|579.0|1458.0|4028.0|1445.0|1087.0|34641.0|6093.0|6493.0|1025.0|442.0|1846.0|2138.0|3308.0|459.0|654.0|486.0|649.0|4495.0|4817.0|905.0|4425.0|2973.0|5444.0|3761.0|1154.0|3009.0|697.0|992.0|5171.0|2886.0|1185.0|2587.0|3783.0|11306.0|2108.0|894.0|2661.0|3182.0|1552.0|1832.0|3092.0|531.0|824.0|6178.0|470.0|1824.0|4343.0|
||6-13 ve Bilinmeyen|3196.0|819.0|944.0|331.0|682.0|366.0|7139.0|4312.0|35.0|119.0|1413.0|1403.0|164.0|553.0|59.0|245.0|197.0|230.0|389.0|542.0|4106.0|763.0|233.0|736.0|1857.0|1251.0|347.0|428.0|474.0|326.0|728.0|1051.0|2979.0|370.0|1267.0|309.0|2450.0|150.0|663.0|13975.0|4847.0|2252.0|249.0|454.0|188.0|213.0|2212.0|432.0|283.0|349.0|403.0|2210.0|3652.0|573.0|1021.0|1964.0|591.0|2915.0|1304.0|357.0|339.0|526.0|768.0|2220.0|274.0|953.0|1328.0|1243.0|327.0|157.0|324.0|587.0|1306.0|711.0|937.0|51.0|586.0|656.0|260.0|689.0|599.0|
||6-13 ve Okuma Yazma Bilen|293659.0|93766.0|84501.0|99100.0|53154.0|33314.0|595194.0|269718.0|11631.0|14873.0|109148.0|109170.0|18018.0|107654.0|8729.0|20977.0|38672.0|59687.0|28133.0|24521.0|332625.0|44009.0|17258.0|54485.0|108943.0|291722.0|41742.0|32380.0|70824.0|23097.0|103913.0|79412.0|336682.0|40411.0|16422.0|45796.0|234564.0|30570.0|43281.0|1697421.0|421022.0|172563.0|21233.0|29085.0|42499.0|33586.0|181995.0|19794.0|27981.0|28926.0|23522.0|227350.0|279792.0|54596.0|100511.0|152656.0|144570.0|222610.0|92322.0|75172.0|33304.0|45624.0|77511.0|75599.0|33446.0|111242.0|142499.0|395020.0|60618.0|19032.0|100607.0|71685.0|111747.0|66577.0|82398.0|5623.0|36166.0|201507.0|24516.0|48781.0|60489.0|
||6-13 ve Okuma Yazma Bilmeyen|157.0|38.0|42.0|18.0|38.0|35.0|356.0|475.0|3.0|10.0|82.0|95.0|18.0|23.0|3.0|17.0|14.0|31.0|24.0|40.0|253.0|64.0|13.0|46.0|128.0|107.0|56.0|36.0|32.0|20.0|27.0|102.0|73.0|40.0|12.0|10.0|166.0|17.0|61.0|915.0|458.0|72.0|12.0|23.0|12.0|18.0|64.0|4.0|10.0|21.0|8.0|148.0|167.0|33.0|45.0|71.0|36.0|255.0|107.0|14.0|26.0|40.0|17.0|112.0|11.0|70.0|111.0|69.0|19.0|25.0|12.0|16.0|107.0|76.0|63.0|6.0|20.0|44.0|16.0|38.0|27.0|
||65+ ve Bilinmeyen|1836.0|277.0|663.0|925.0|718.0|362.0|8424.0|3595.0|294.0|158.0|1887.0|2556.0|245.0|561.0|230.0|120.0|201.0|213.0|318.0|299.0|3203.0|439.0|171.0|751.0|1140.0|658.0|380.0|343.0|566.0|580.0|1340.0|1393.0|1850.0|780.0|821.0|305.0|1440.0|364.0|755.0|19830.0|4167.0|1399.0|141.0|433.0|636.0|406.0|2944.0|66.0|182.0|346.0|353.0|1711.0|1895.0|491.0|1022.0|471.0|1373.0|1541.0|1647.0|419.0|533.0|163.0|792.0|613.0|343.0|1198.0|1279.0|1550.0|164.0|418.0|686.0|2519.0|1090.0|430.0|1157.0|204.0|539.0|695.0|852.0|1722.0|678.0|
||65+ ve Okuma Yazma Bilen|124695.0|22196.0|61993.0|10443.0|23013.0|37912.0|365539.0|161990.0|7896.0|21167.0|115601.0|151719.0|20200.0|11098.0|5688.0|20651.0|8767.0|8575.0|31456.0|32638.0|208859.0|69466.0|22556.0|56061.0|94867.0|37255.0|27779.0|48410.0|39726.0|18178.0|40100.0|81424.0|64082.0|51514.0|12487.0|3997.0|89788.0|6619.0|43747.0|811428.0|409310.0|51867.0|22385.0|21174.0|13130.0|46800.0|86366.0|7506.0|24013.0|40947.0|19808.0|103208.0|161239.0|61265.0|46079.0|130171.0|16918.0|131590.0|94302.0|8342.0|26083.0|25440.0|68204.0|25884.0|31140.0|71637.0|119923.0|32921.0|6333.0|30984.0|5467.0|48368.0|72343.0|64985.0|66922.0|6744.0|35651.0|21226.0|23736.0|37800.0|48296.0|
||65+ ve Okuma Yazma Bilmeyen|40526.0|22872.0|13006.0|11689.0|10967.0|7767.0|65659.0|15475.0|3910.0|4200.0|14549.0|17791.0|5737.0|13371.0|2493.0|2904.0|8884.0|7794.0|7212.0|4619.0|42815.0|4842.0|5758.0|17863.0|9131.0|41212.0|7223.0|6258.0|12850.0|7244.0|20903.0|10355.0|37638.0|14354.0|4291.0|4683.0|16952.0|5038.0|7236.0|150110.0|35731.0|31663.0|7952.0|3917.0|8482.0|15459.0|22653.0|3358.0|7028.0|4448.0|5694.0|23405.0|30227.0|8844.0|28348.0|20112.0|24308.0|19113.0|9527.0|9738.0|5891.0|7796.0|30093.0|14024.0|7949.0|16955.0|21211.0|40296.0|8482.0|6218.0|9753.0|22297.0|7401.0|11101.0|22674.0|3831.0|5148.0|19044.0|2859.0|11879.0|19277.0|
||||||||||||||||||||||||||||||||||||||||||||||||||||||||||||||||||||||||||||||||||||
